TransactionAmount,TransactionType,Location,Channel,CustomerAge,CustomerOccupation,TransactionDuration,LoginAttempts,AccountBalance,TransactionAmount_bin,Target
14.09,1,36,0,70.0,0,81.0,1.0,5112.21,Rendah,1
376.24,1,15,0,68.0,0,141.0,1.0,13758.91,Sangat Tinggi,2
126.29,1,23,2,19.0,3,56.0,1.0,1122.35,Sedang,3
184.5,1,33,2,26.0,3,25.0,1.0,8569.06,Sedang,2
92.15,1,28,0,18.0,3,172.0,1.0,781.68,Sedang,3
7.08,0,39,0,37.0,0,139.0,1.0,13316.71,Rendah,2
171.42,0,16,1,67.0,2,291.0,1.0,2796.24,Sedang,4
106.23,0,11,1,51.0,1,86.0,1.0,9095.14,Sedang,2
815.96,1,26,0,55.0,0,120.0,1.0,1021.88,Sangat Tinggi,0
17.78,0,0,2,52.0,1,59.0,1.0,7599.52,Rendah,2
190.02,1,22,2,21.0,3,173.0,1.0,1528.81,Sedang,3
494.52,0,23,1,24.0,3,111.0,1.0,1620.02,Sangat Tinggi,3
781.76,1,22,0,26.0,3,123.0,1.0,189.69,Sangat Tinggi,0
166.99,1,21,2,18.0,3,134.0,1.0,299.93,Sedang,3
465.45,1,10,0,36.0,1,129.0,1.0,3465.54,Sangat Tinggi,0
555.8,0,2,1,19.0,3,158.0,1.0,1131.26,Sangat Tinggi,0
492.93,1,8,2,39.0,1,234.0,1.0,5109.97,Sangat Tinggi,4
18.68,0,0,1,59.0,2,106.0,1.0,7948.37,Rendah,1
71.48,0,8,2,18.0,3,169.0,1.0,6568.59,Rendah,3
59.32,1,20,1,71.0,2,38.0,1.0,5750.89,Rendah,1
85.77,1,19,1,38.0,0,93.0,1.0,9146.19,Sedang,2
145.54,1,33,2,21.0,3,96.0,1.0,1930.96,Sedang,3
7.49,0,15,2,65.0,2,276.0,1.0,3634.67,Rendah,4
40.32,1,25,1,37.0,1,95.0,1.0,2686.52,Rendah,3
127.45,1,19,2,44.0,0,197.0,1.0,1772.06,Sedang,4
56.17,1,11,1,27.0,3,283.0,1.0,1351.69,Rendah,4
28.31,0,24,2,59.0,0,20.0,1.0,8334.47,Rendah,1
59.12,1,3,0,29.0,0,257.0,1.0,9823.64,Rendah,4
877.81,1,20,2,22.0,3,150.0,1.0,399.0,Sangat Tinggi,0
255.26,0,37,1,45.0,0,50.0,1.0,14815.87,Tinggi,2
124.76,1,39,1,49.0,1,45.0,1.0,5764.72,Sedang,1
78.13,1,25,1,26.0,3,145.0,1.0,900.61,Rendah,3
335.63,1,28,2,55.0,2,216.0,1.0,1019.39,Tinggi,4
328.47,1,35,0,63.0,2,119.0,1.0,4323.66,Tinggi,1
34.02,1,30,2,38.0,0,19.0,1.0,14214.48,Rendah,2
241.42,0,5,2,57.0,0,116.0,1.0,13357.02,Tinggi,2
55.32,1,40,0,19.0,3,117.0,1.0,241.79,Rendah,3
304.31,1,21,1,27.0,3,33.0,1.0,868.61,Tinggi,3
164.49,1,3,1,26.0,3,75.0,1.0,1509.27,Sedang,3
510.24,1,28,2,19.0,3,105.0,1.0,781.7,Sangat Tinggi,3
626.9,1,10,2,26.0,3,138.0,1.0,265.51,Sangat Tinggi,0
425.34,0,18,2,69.0,2,121.0,1.0,3907.54,Sangat Tinggi,1
85.43,1,41,1,67.0,0,145.0,1.0,14904.9,Sedang,2
169.5,1,36,1,28.0,3,142.0,1.0,918.88,Sedang,3
104.63,1,29,0,62.0,2,90.0,1.0,4477.78,Sedang,1
316.95,1,23,1,25.0,3,83.0,1.0,1324.03,Tinggi,3
60.54,0,8,1,57.0,2,52.0,1.0,3534.93,Rendah,1
292.56,0,9,1,68.0,2,61.0,1.0,4638.37,Tinggi,1
386.52,1,16,1,48.0,1,28.0,1.0,5630.61,Sangat Tinggi,1
112.07,1,18,1,23.0,3,51.0,1.0,930.3,Sedang,3
349.64,1,19,2,48.0,1,226.0,1.0,6651.62,Tinggi,4
601.4,0,30,1,56.0,1,104.0,1.0,8458.29,Sangat Tinggi,0
5.77,1,5,2,50.0,0,124.0,1.0,13988.12,Rendah,2
201.33,0,26,1,42.0,1,186.0,1.0,2585.07,Tinggi,4
298.42,1,16,1,56.0,2,225.0,1.0,3014.75,Tinggi,4
521.06,1,0,1,25.0,3,128.0,1.0,1951.42,Sangat Tinggi,0
117.28,0,2,2,60.0,1,16.0,1.0,3665.77,Sedang,1
133.55,1,1,0,44.0,1,220.0,1.0,3846.28,Sedang,4
143.21,1,9,2,35.0,1,135.0,1.0,6374.82,Sedang,2
24.77,1,4,0,62.0,2,55.0,1.0,5866.01,Rendah,1
233.92,0,17,2,26.0,3,280.0,1.0,6537.62,Tinggi,4
91.53,1,25,1,44.0,0,69.0,1.0,14676.05,Sedang,2
120.29,1,24,1,19.0,3,77.0,1.0,1362.39,Sedang,3
174.25,1,39,2,50.0,0,67.0,1.0,10528.34,Sedang,2
183.71,1,10,0,38.0,1,102.0,1.0,552.52,Sedang,3
259.91,1,10,2,49.0,0,170.0,1.0,7176.86,Tinggi,4
154.71,1,36,2,34.0,0,157.0,1.0,1523.72,Sedang,3
24.56,1,23,1,64.0,0,69.0,1.0,9869.93,Rendah,2
9.61,0,36,2,58.0,0,179.0,1.0,12883.91,Rendah,2
392.96,1,18,2,24.0,3,100.0,1.0,791.65,Sangat Tinggi,3
716.93,0,25,2,60.0,2,34.0,1.0,4064.02,Sangat Tinggi,0
230.66,1,15,1,21.0,3,135.0,1.0,618.05,Tinggi,3
644.17,1,35,0,29.0,1,72.0,1.0,1143.52,Sangat Tinggi,0
508.68,0,23,1,51.0,1,127.0,1.0,7708.41,Sangat Tinggi,0
858.63,0,37,1,27.0,3,185.0,1.0,1872.96,Sangat Tinggi,0
25.36,1,21,0,57.0,1,78.0,1.0,201.04,Rendah,1
147.62,1,5,1,71.0,2,133.0,1.0,2115.8,Sedang,1
115.02,1,35,1,37.0,0,175.0,1.0,7643.66,Sedang,4
383.37,1,13,1,30.0,1,24.0,1.0,8901.93,Sangat Tinggi,2
196.16,1,41,1,27.0,1,146.0,1.0,9418.86,Sedang,2
129.94,1,19,0,32.0,1,235.0,1.0,7954.92,Sedang,4
306.9,1,7,2,46.0,1,51.0,1.0,9418.08,Tinggi,2
114.98,1,39,2,59.0,2,80.0,1.0,6144.68,Sedang,1
756.59,1,34,1,27.0,3,17.0,1.0,420.65,Sangat Tinggi,0
503.76,1,20,2,22.0,3,35.0,1.0,447.82,Sangat Tinggi,3
143.03,1,35,0,63.0,2,147.0,1.0,7981.45,Sedang,1
254.37,0,9,2,51.0,1,174.0,1.0,8849.26,Tinggi,2
213.76,0,9,0,78.0,2,282.0,1.0,3528.72,Tinggi,4
327.86,1,14,2,40.0,1,104.0,1.0,480.16,Tinggi,3
2.5,1,36,2,47.0,0,107.0,1.0,12145.27,Rendah,2
300.08,0,2,2,68.0,0,47.0,1.0,13546.75,Tinggi,2
115.83,1,14,1,39.0,1,167.0,1.0,6481.04,Sedang,4
53.57,1,15,0,69.0,2,121.0,1.0,1651.33,Rendah,1
63.34,0,11,2,46.0,0,165.0,1.0,11174.94,Rendah,2
331.65,1,32,2,41.0,1,61.0,1.0,4172.57,Tinggi,3
5.04,1,42,0,56.0,2,41.0,1.0,5558.36,Rendah,1
214.54,0,11,2,70.0,0,247.0,1.0,11151.53,Tinggi,4
598.81,1,30,1,57.0,0,158.0,1.0,1415.52,Sangat Tinggi,0
841.28,1,40,2,26.0,3,80.0,1.0,1103.64,Sangat Tinggi,0
38.15,1,23,2,26.0,3,108.0,1.0,303.68,Rendah,3
124.72,1,28,1,33.0,1,105.0,1.0,6309.8,Sedang,2
302.45,0,35,1,78.0,2,40.0,1.0,5133.61,Tinggi,1
208.04,1,21,2,47.0,1,273.0,1.0,9344.98,Tinggi,4
5.77,0,20,1,23.0,3,254.0,1.0,1117.97,Rendah,4
381.33,1,0,0,56.0,0,75.0,1.0,11835.35,Sangat Tinggi,2
16.16,1,25,0,50.0,0,124.0,1.0,14401.17,Rendah,2
486.08,1,28,2,18.0,3,68.0,1.0,1748.69,Sangat Tinggi,3
336.39,1,35,1,21.0,3,18.0,1.0,1000.46,Tinggi,3
234.57,1,6,2,23.0,3,120.0,1.0,263.98,Tinggi,3
6.0,1,6,2,30.0,0,246.0,1.0,5442.76,Rendah,4
227.14,1,5,0,18.0,3,294.0,1.0,341.94,Tinggi,4
45.85,1,20,0,20.0,3,92.0,1.0,1659.15,Rendah,3
415.5,1,22,0,66.0,0,141.0,1.0,10113.66,Sangat Tinggi,2
265.76,1,30,2,54.0,2,92.0,1.0,4446.17,Tinggi,1
69.4,1,41,2,80.0,2,113.0,1.0,6452.77,Rendah,1
332.93,0,0,1,35.0,1,293.0,1.0,2788.2,Tinggi,4
267.9,1,35,2,20.0,3,160.0,1.0,596.16,Tinggi,3
496.03,1,37,1,61.0,0,265.0,1.0,12904.66,Sangat Tinggi,4
376.26,1,40,0,37.0,1,245.0,1.0,9062.4,Sangat Tinggi,4
83.02,0,39,2,36.0,1,171.0,1.0,9009.56,Sedang,2
93.26,0,27,2,20.0,3,72.0,1.0,1152.2,Sedang,3
803.37,0,22,1,68.0,0,129.0,1.0,12168.37,Sangat Tinggi,0
35.76,1,5,1,23.0,3,122.0,1.0,611.86,Rendah,3
28.53,1,42,2,62.0,0,99.0,1.0,8670.53,Rendah,1
139.53,0,21,2,53.0,0,177.0,1.0,10098.86,Sedang,2
307.57,1,11,1,33.0,0,285.0,1.0,5307.74,Tinggi,4
60.65,0,40,1,56.0,2,53.0,1.0,1047.28,Rendah,1
74.86,1,26,1,70.0,0,125.0,1.0,6921.48,Rendah,1
231.91,1,22,0,34.0,1,165.0,1.0,112.76,Tinggi,3
126.21,1,3,1,75.0,2,268.0,1.0,5669.66,Sedang,4
304.35,1,15,1,31.0,1,36.0,1.0,4057.1,Tinggi,3
281.85,1,11,0,22.0,3,109.0,1.0,1585.98,Tinggi,3
777.88,1,15,1,31.0,1,17.0,1.0,6825.55,Sangat Tinggi,0
119.18,1,20,1,56.0,2,96.0,1.0,5516.5,Sedang,1
177.19,1,6,2,76.0,2,43.0,1.0,5343.3,Sedang,1
260.88,1,10,1,22.0,3,36.0,1.0,903.05,Tinggi,3
169.47,1,6,2,24.0,3,19.0,1.0,1806.16,Sedang,3
73.23,1,32,1,26.0,3,14.0,1.0,787.74,Rendah,3
792.57,1,3,0,19.0,3,164.0,1.0,770.37,Sangat Tinggi,0
237.06,1,31,2,71.0,2,46.0,1.0,1182.77,Tinggi,1
34.17,0,30,2,54.0,1,54.0,1.0,726.55,Rendah,1
740.25,1,30,2,41.0,0,123.0,1.0,14464.3,Sangat Tinggi,0
453.54,1,0,0,58.0,0,82.0,1.0,12046.3,Sangat Tinggi,2
300.47,1,17,1,73.0,2,100.0,1.0,7885.64,Tinggi,1
110.93,0,41,1,19.0,3,201.0,1.0,1952.35,Sedang,3
201.69,1,19,0,59.0,0,299.0,1.0,7328.52,Tinggi,4
399.21,1,32,0,59.0,1,109.0,1.0,3210.39,Sangat Tinggi,1
630.36,1,23,0,62.0,2,52.0,1.0,1363.65,Sangat Tinggi,0
10.94,0,30,0,60.0,1,245.0,1.0,1241.99,Rendah,4
215.9,1,20,0,38.0,0,235.0,1.0,7873.28,Tinggi,4
444.89,0,19,1,43.0,0,101.0,1.0,10328.23,Sangat Tinggi,2
280.57,0,41,2,25.0,3,24.0,1.0,293.24,Tinggi,3
3.3,0,20,1,50.0,0,131.0,1.0,11385.37,Rendah,2
20.36,1,40,1,62.0,2,75.0,1.0,2762.48,Rendah,1
493.11,1,7,1,53.0,2,236.0,1.0,7432.99,Sangat Tinggi,4
307.41,1,20,0,19.0,3,14.0,1.0,1057.0,Tinggi,3
11.18,1,1,2,43.0,0,161.0,1.0,5956.89,Rendah,4
313.82,1,40,1,59.0,1,151.0,1.0,7261.59,Tinggi,1
288.04,1,10,0,68.0,2,63.0,1.0,1748.02,Tinggi,1
800.55,1,28,0,31.0,1,108.0,1.0,9660.22,Sangat Tinggi,0
485.54,1,15,0,46.0,1,143.0,1.0,6371.51,Sangat Tinggi,0
521.15,1,18,0,54.0,0,214.0,1.0,9442.47,Sangat Tinggi,4
304.93,1,32,0,65.0,0,158.0,1.0,13531.22,Tinggi,2
694.2,1,25,0,61.0,2,72.0,1.0,1389.37,Sangat Tinggi,0
116.86,1,21,0,55.0,1,171.0,1.0,6706.56,Sedang,4
74.88,1,1,0,25.0,3,202.0,1.0,420.67,Rendah,3
890.24,0,19,2,33.0,1,161.0,1.0,5140.93,Sangat Tinggi,0
361.27,1,29,0,63.0,0,180.0,1.0,7945.57,Tinggi,4
131.56,1,5,1,44.0,0,42.0,1.0,5873.54,Sedang,1
485.51,0,25,2,76.0,2,37.0,1.0,3074.45,Sangat Tinggi,1
547.87,1,8,0,64.0,2,131.0,1.0,6155.76,Sangat Tinggi,0
457.3,1,41,2,28.0,1,15.0,1.0,8318.29,Sangat Tinggi,2
506.24,1,6,0,58.0,1,64.0,1.0,230.09,Sangat Tinggi,0
486.59,1,16,1,57.0,2,119.0,1.0,2513.56,Sangat Tinggi,0
163.68,1,36,1,41.0,0,292.0,1.0,10090.05,Sedang,4
581.65,1,4,0,22.0,3,176.0,1.0,480.19,Sangat Tinggi,0
523.74,1,28,0,43.0,0,159.0,1.0,13498.55,Sangat Tinggi,2
91.48,1,13,0,51.0,0,141.0,1.0,14942.78,Sedang,2
5.25,1,38,0,39.0,0,49.0,1.0,14143.32,Rendah,2
54.03,0,25,0,56.0,2,161.0,1.0,6736.3,Rendah,1
736.73,1,22,1,48.0,1,10.0,1.0,3313.07,Sangat Tinggi,0
33.06,0,13,2,53.0,2,170.0,1.0,1540.87,Rendah,1
66.5,0,21,2,32.0,1,144.0,1.0,6820.23,Rendah,2
588.54,1,32,1,32.0,1,130.0,1.0,714.45,Sangat Tinggi,0
173.5,1,26,0,21.0,3,282.0,1.0,1306.91,Sedang,4
78.33,0,22,2,56.0,1,189.0,1.0,7255.33,Rendah,4
40.66,1,21,1,59.0,2,156.0,1.0,1153.84,Rendah,1
97.22,0,1,1,77.0,2,55.0,1.0,6647.73,Sedang,1
34.07,1,30,1,22.0,3,81.0,1.0,8709.77,Rendah,2
492.06,1,14,2,23.0,3,74.0,1.0,857.9,Sangat Tinggi,3
842.01,0,41,2,53.0,0,185.0,1.0,509.45,Sangat Tinggi,0
73.55,1,1,0,51.0,1,158.0,1.0,2812.06,Rendah,1
760.53,1,31,2,57.0,1,118.0,1.0,6179.91,Sangat Tinggi,0
371.69,1,37,1,67.0,2,143.0,1.0,3484.32,Tinggi,1
218.96,1,39,0,18.0,3,13.0,1.0,754.21,Tinggi,3
227.39,1,1,2,18.0,3,65.0,1.0,751.09,Tinggi,3
237.99,0,18,1,39.0,0,86.0,1.0,8510.09,Tinggi,2
341.15,1,38,2,18.0,3,148.0,1.0,511.37,Tinggi,3
434.58,1,22,0,59.0,0,215.0,1.0,12648.32,Sangat Tinggi,2
312.88,0,32,1,54.0,1,44.0,1.0,233.21,Tinggi,1
75.15,1,4,0,23.0,3,154.0,1.0,1092.92,Rendah,3
23.3,1,20,0,59.0,1,161.0,1.0,6711.15,Rendah,1
47.38,0,39,2,25.0,3,61.0,1.0,459.37,Rendah,3
488.15,1,21,1,43.0,1,168.0,1.0,7071.09,Sangat Tinggi,0
12.82,1,13,0,44.0,1,156.0,1.0,9045.19,Rendah,2
535.91,1,19,2,43.0,1,22.0,1.0,9642.12,Sangat Tinggi,0
270.72,0,42,2,26.0,1,53.0,1.0,6263.96,Tinggi,3
97.98,1,10,1,72.0,2,18.0,1.0,7460.33,Sedang,1
196.08,1,37,2,61.0,2,98.0,1.0,4233.82,Sedang,1
251.18,1,38,0,42.0,1,246.0,1.0,8303.9,Tinggi,4
44.52,1,12,2,28.0,3,205.0,1.0,314.28,Rendah,3
178.87,1,3,2,35.0,0,180.0,1.0,5241.23,Sedang,4
386.68,1,27,1,46.0,0,128.0,1.0,6863.06,Sangat Tinggi,2
167.14,1,10,2,76.0,2,20.0,1.0,3877.73,Sedang,1
345.22,1,14,1,69.0,2,253.0,1.0,4046.58,Tinggi,4
74.85,1,33,0,72.0,2,117.0,1.0,2409.73,Rendah,1
671.73,1,42,1,58.0,1,54.0,1.0,5211.88,Sangat Tinggi,0
255.04,1,39,0,45.0,1,152.0,1.0,6217.86,Tinggi,4
45.77,1,30,2,25.0,3,109.0,1.0,5978.12,Rendah,3
329.69,0,35,2,26.0,3,66.0,1.0,1671.66,Tinggi,3
47.42,1,36,0,64.0,0,28.0,1.0,8253.52,Rendah,1
35.99,1,24,1,63.0,2,129.0,1.0,4489.79,Rendah,1
151.19,0,27,1,37.0,0,96.0,1.0,11903.82,Sedang,2
242.62,0,37,2,22.0,3,234.0,1.0,483.02,Tinggi,4
48.72,1,41,1,21.0,3,17.0,1.0,816.08,Rendah,3
43.46,1,4,0,25.0,3,80.0,1.0,578.06,Rendah,3
443.79,1,19,0,53.0,2,87.0,1.0,3133.85,Sangat Tinggi,0
365.14,1,9,2,68.0,2,57.0,1.0,5894.09,Tinggi,1
757.41,1,20,0,22.0,3,37.0,1.0,9532.42,Sangat Tinggi,0
20.54,1,13,1,51.0,1,72.0,1.0,5327.03,Rendah,1
475.36,1,31,0,34.0,1,105.0,1.0,2000.6,Sangat Tinggi,0
34.74,1,37,0,56.0,2,24.0,1.0,6827.57,Rendah,1
211.18,1,42,0,73.0,2,90.0,1.0,4069.17,Tinggi,1
211.36,0,13,1,51.0,1,286.0,1.0,7943.47,Tinggi,4
744.41,0,15,2,39.0,1,107.0,1.0,8842.47,Sangat Tinggi,0
61.43,1,31,2,24.0,3,170.0,1.0,1882.77,Rendah,3
167.44,1,23,1,37.0,0,82.0,1.0,12526.71,Sedang,2
361.46,1,26,2,21.0,3,83.0,1.0,4737.84,Tinggi,3
378.85,1,41,1,78.0,2,126.0,1.0,2300.53,Sangat Tinggi,1
241.11,1,8,1,30.0,0,55.0,1.0,12385.05,Tinggi,2
131.93,0,13,1,31.0,1,13.0,1.0,4547.06,Sedang,3
485.54,1,21,2,19.0,3,148.0,1.0,1533.32,Sangat Tinggi,3
321.15,1,20,1,46.0,0,179.0,1.0,7005.05,Tinggi,4
711.3,1,38,1,21.0,3,51.0,1.0,955.4,Sangat Tinggi,0
12.23,1,15,0,42.0,1,139.0,1.0,7844.88,Rendah,2
350.94,1,7,0,20.0,3,64.0,1.0,221.56,Tinggi,3
301.85,1,8,2,54.0,1,25.0,1.0,6586.19,Tinggi,1
29.34,1,21,2,65.0,2,30.0,1.0,3944.82,Rendah,1
231.71,1,33,1,27.0,3,148.0,1.0,1127.98,Tinggi,3
179.43,1,28,0,58.0,2,244.0,1.0,2626.63,Sedang,4
36.71,1,17,1,48.0,0,55.0,1.0,6459.38,Rendah,1
138.12,0,20,1,53.0,0,281.0,1.0,1649.69,Sedang,4
233.24,1,21,0,33.0,1,72.0,1.0,6939.23,Tinggi,2
436.64,1,20,1,31.0,0,111.0,1.0,14365.18,Sangat Tinggi,2
870.43,1,20,1,29.0,0,55.0,1.0,10115.18,Sangat Tinggi,0
354.4,1,6,0,74.0,2,128.0,1.0,7358.65,Tinggi,1
22.63,1,18,2,53.0,1,112.0,1.0,4438.03,Rendah,1
182.19,1,23,1,26.0,3,53.0,1.0,1176.1,Sedang,3
126.81,1,30,1,26.0,1,290.0,1.0,5427.98,Sedang,4
288.17,1,41,2,37.0,1,50.0,1.0,3653.11,Tinggi,3
118.77,1,1,1,55.0,1,123.0,1.0,2104.82,Sedang,1
651.82,1,16,0,21.0,3,166.0,1.0,1802.77,Sangat Tinggi,0
66.65,1,11,0,37.0,1,33.0,1.0,3559.96,Rendah,3
98.53,1,10,1,69.0,2,166.0,1.0,3564.8,Sedang,1
138.95,1,42,2,71.0,2,30.0,1.0,6752.92,Sedang,1
33.89,1,26,1,26.0,3,177.0,1.0,1444.75,Rendah,3
23.71,1,1,1,58.0,0,164.0,1.0,10788.89,Rendah,2
26.06,1,36,0,65.0,0,283.0,1.0,12893.63,Rendah,4
17.07,1,20,1,27.0,1,44.0,1.0,2798.15,Rendah,3
703.89,1,35,2,46.0,1,62.0,1.0,3583.67,Sangat Tinggi,0
26.55,1,15,0,77.0,2,228.0,1.0,3085.38,Rendah,4
147.4,1,38,1,42.0,1,259.0,1.0,6797.71,Sedang,4
202.11,1,22,0,27.0,3,18.0,1.0,746.47,Tinggi,3
308.42,1,26,1,75.0,2,39.0,1.0,5427.81,Tinggi,1
11.18,1,24,0,53.0,1,144.0,1.0,7467.3,Rendah,2
294.15,1,14,2,38.0,1,136.0,1.0,6362.16,Tinggi,2
139.45,1,4,2,27.0,3,31.0,1.0,1305.76,Sedang,3
432.63,1,7,0,29.0,0,137.0,1.0,13648.36,Sangat Tinggi,2
131.43,1,5,2,43.0,0,65.0,1.0,1337.5,Sedang,3
516.72,1,23,0,42.0,1,128.0,1.0,2015.69,Sangat Tinggi,0
374.5,0,37,1,26.0,3,178.0,1.0,1671.51,Tinggi,3
166.13,1,29,0,68.0,0,227.0,1.0,11822.53,Sedang,4
626.9,1,6,0,23.0,3,146.0,1.0,587.11,Sangat Tinggi,0
466.85,1,2,1,56.0,2,165.0,1.0,5422.53,Sangat Tinggi,0
788.84,1,31,2,58.0,2,231.0,1.0,1913.73,Sangat Tinggi,0
525.28,1,7,0,69.0,2,134.0,1.0,4693.6,Sangat Tinggi,0
632.69,1,10,0,80.0,2,76.0,1.0,4363.74,Sangat Tinggi,0
124.35,1,28,0,72.0,2,90.0,1.0,3319.76,Sedang,1
43.85,1,14,0,62.0,2,122.0,1.0,4356.98,Rendah,1
283.81,1,36,1,28.0,3,29.0,1.0,1519.35,Tinggi,3
168.53,1,37,0,71.0,2,112.0,1.0,5962.58,Sedang,1
218.59,0,10,1,40.0,1,123.0,1.0,6699.23,Tinggi,2
132.84,1,28,0,21.0,3,143.0,1.0,822.73,Sedang,3
157.37,0,9,1,42.0,0,289.0,1.0,13964.31,Sedang,4
144.77,1,0,2,20.0,3,159.0,1.0,867.32,Sedang,3
643.22,1,1,0,64.0,0,93.0,1.0,1035.86,Sangat Tinggi,0
208.07,1,28,2,32.0,0,36.0,1.0,8478.9,Tinggi,2
295.5,1,23,0,59.0,2,36.0,1.0,6280.66,Tinggi,1
30.23,1,2,0,44.0,0,99.0,1.0,481.13,Rendah,3
180.24,1,31,1,58.0,1,144.0,1.0,8431.23,Sedang,2
13.71,0,10,2,38.0,1,148.0,1.0,8342.79,Rendah,2
96.54,1,27,1,58.0,2,95.0,1.0,7182.22,Sedang,1
101.04,1,35,0,27.0,3,160.0,1.0,1695.57,Sedang,3
39.66,1,41,1,52.0,1,169.0,1.0,8497.34,Rendah,2
99.36,1,39,0,40.0,0,46.0,1.0,1272.12,Sedang,3
123.85,1,19,2,56.0,1,244.0,1.0,3959.62,Sedang,4
426.93,1,29,0,19.0,3,248.0,1.0,476.19,Sangat Tinggi,4
133.73,0,38,2,25.0,3,123.0,1.0,1872.22,Sedang,3
222.39,1,41,2,49.0,1,73.0,1.0,3117.39,Tinggi,1
215.94,0,41,2,22.0,3,140.0,1.0,1841.69,Tinggi,3
131.46,1,5,1,67.0,2,258.0,1.0,6642.33,Sedang,4
202.86,0,22,1,61.0,0,149.0,1.0,7642.25,Tinggi,1
268.39,1,24,0,26.0,3,171.0,1.0,136.74,Tinggi,3
353.82,1,25,0,42.0,0,143.0,1.0,705.75,Tinggi,3
364.42,1,7,0,51.0,1,146.0,1.0,8119.73,Tinggi,2
195.12,1,21,0,46.0,0,144.0,1.0,6101.15,Sedang,1
230.61,1,33,1,80.0,2,204.0,1.0,2561.42,Tinggi,1
739.28,0,40,1,58.0,0,47.0,1.0,11905.64,Sangat Tinggi,0
390.35,0,29,0,64.0,0,61.0,1.0,7095.88,Sangat Tinggi,1
242.03,1,9,2,58.0,1,124.0,1.0,4382.73,Tinggi,1
242.39,0,35,0,18.0,3,271.0,1.0,1328.73,Tinggi,4
135.03,1,37,0,23.0,3,180.0,1.0,1278.0,Sedang,3
193.54,1,28,1,80.0,2,267.0,1.0,2929.51,Sedang,4
775.23,0,0,2,59.0,0,38.0,1.0,5977.59,Sangat Tinggi,0
266.57,1,12,0,72.0,2,100.0,1.0,7676.92,Tinggi,1
153.4,1,23,0,45.0,1,144.0,1.0,4657.7,Sedang,1
5.12,1,27,1,34.0,1,90.0,1.0,3293.01,Rendah,3
119.11,1,11,0,57.0,1,131.0,1.0,7998.25,Sedang,2
119.72,1,40,1,30.0,1,123.0,1.0,3435.34,Sedang,3
107.4,1,41,2,58.0,0,32.0,1.0,344.07,Sedang,1
115.92,1,33,0,53.0,2,57.0,1.0,3897.17,Sedang,1
438.04,1,30,0,67.0,2,247.0,1.0,5358.95,Sangat Tinggi,4
677.29,1,15,2,27.0,1,287.0,1.0,627.79,Sangat Tinggi,4
296.0,1,19,1,35.0,0,248.0,1.0,7418.82,Tinggi,4
299.09,0,4,1,36.0,1,84.0,1.0,5615.26,Tinggi,3
461.52,0,10,1,24.0,3,44.0,1.0,1995.18,Sangat Tinggi,3
100.52,1,19,0,50.0,1,110.0,1.0,453.39,Sedang,1
85.35,1,42,0,66.0,2,166.0,1.0,2173.76,Sedang,1
79.76,1,33,1,39.0,1,170.0,1.0,6452.14,Sedang,4
778.49,0,29,2,75.0,2,107.0,1.0,7713.67,Sangat Tinggi,0
386.38,1,31,2,42.0,1,135.0,1.0,5528.36,Sangat Tinggi,0
14.29,1,20,0,34.0,1,150.0,1.0,7016.99,Rendah,2
232.79,0,16,1,55.0,2,145.0,1.0,2661.3,Tinggi,1
293.97,1,31,1,68.0,2,153.0,1.0,7371.85,Tinggi,1
136.32,1,24,2,19.0,3,113.0,1.0,264.83,Sedang,3
251.06,1,7,2,36.0,0,34.0,1.0,10001.66,Tinggi,2
50.17,0,34,0,77.0,2,35.0,1.0,7752.14,Rendah,1
21.4,1,14,1,34.0,1,258.0,1.0,9594.11,Rendah,4
73.28,1,4,1,21.0,3,21.0,1.0,1329.41,Rendah,3
70.23,1,22,0,38.0,0,260.0,1.0,11624.93,Rendah,4
689.29,1,12,0,22.0,3,100.0,1.0,168.84,Sangat Tinggi,0
745.03,1,13,2,28.0,3,231.0,1.0,160.57,Sangat Tinggi,0
54.61,1,25,0,58.0,1,160.0,1.0,7135.64,Rendah,1
54.05,1,21,1,27.0,3,146.0,1.0,469.14,Rendah,3
107.47,1,2,2,67.0,2,144.0,1.0,7517.5,Sedang,1
219.63,1,5,0,48.0,0,44.0,1.0,8013.63,Tinggi,2
93.52,1,30,2,51.0,1,97.0,1.0,2791.2,Sedang,1
275.92,0,26,1,62.0,2,107.0,1.0,1777.38,Tinggi,1
376.79,1,25,1,68.0,2,265.0,1.0,7749.14,Sangat Tinggi,4
697.32,1,1,2,68.0,2,91.0,1.0,2016.02,Sangat Tinggi,0
442.74,1,36,1,23.0,3,136.0,1.0,1790.27,Sangat Tinggi,3
623.9,1,38,0,27.0,3,249.0,1.0,711.47,Sangat Tinggi,0
63.41,1,13,0,26.0,3,36.0,1.0,1546.22,Rendah,3
346.85,1,18,0,44.0,0,88.0,1.0,7208.15,Tinggi,2
7.5,1,9,2,63.0,2,36.0,1.0,6485.78,Rendah,1
206.46,1,41,0,65.0,2,279.0,1.0,3984.38,Tinggi,4
423.11,1,8,0,60.0,1,47.0,1.0,412.78,Sangat Tinggi,1
35.84,0,7,2,54.0,2,172.0,1.0,4795.65,Rendah,1
88.6,0,33,1,28.0,3,105.0,1.0,246.57,Sedang,3
22.46,1,27,2,54.0,2,78.0,1.0,6631.5,Rendah,1
334.89,1,13,2,21.0,3,260.0,1.0,1661.68,Tinggi,4
319.27,0,29,2,54.0,2,59.0,1.0,5504.01,Tinggi,1
144.3,1,28,0,18.0,3,88.0,1.0,312.19,Sedang,3
348.7,0,14,1,69.0,2,149.0,1.0,2445.58,Tinggi,1
366.21,1,28,0,62.0,0,181.0,1.0,10862.99,Tinggi,2
99.11,1,30,2,55.0,2,12.0,1.0,5414.87,Sedang,1
539.35,1,25,0,55.0,2,127.0,1.0,3919.44,Sangat Tinggi,0
188.99,1,28,1,58.0,1,92.0,1.0,7315.34,Sedang,1
710.14,1,12,0,26.0,3,227.0,1.0,465.63,Sangat Tinggi,0
308.68,1,25,2,53.0,0,170.0,1.0,9992.36,Tinggi,2
166.68,1,23,0,57.0,2,139.0,1.0,5141.19,Sedang,1
66.58,1,33,1,23.0,3,79.0,1.0,1636.32,Rendah,3
223.43,1,9,1,77.0,2,178.0,1.0,7932.41,Tinggi,1
659.95,1,11,2,60.0,1,114.0,1.0,3927.69,Sangat Tinggi,0
634.86,1,6,0,27.0,3,45.0,1.0,588.5,Sangat Tinggi,0
286.5,0,4,1,30.0,1,60.0,1.0,8517.95,Tinggi,2
322.96,0,30,1,76.0,2,168.0,1.0,2401.59,Tinggi,1
654.48,1,8,1,19.0,3,114.0,1.0,6776.41,Sangat Tinggi,0
157.97,1,30,1,48.0,0,140.0,1.0,5529.92,Sedang,1
254.77,1,10,1,57.0,1,57.0,1.0,5994.87,Tinggi,1
795.96,1,33,2,65.0,2,119.0,1.0,5468.58,Sangat Tinggi,0
149.25,1,29,0,39.0,1,142.0,1.0,5677.52,Sedang,2
68.19,0,14,2,40.0,0,189.0,1.0,9895.1,Rendah,2
37.57,1,12,0,57.0,2,42.0,1.0,7739.54,Rendah,1
448.33,1,1,0,25.0,3,161.0,1.0,922.19,Sangat Tinggi,3
8.65,1,19,2,48.0,0,273.0,1.0,10778.35,Rendah,4
539.81,1,37,2,46.0,1,177.0,1.0,2051.25,Sangat Tinggi,0
363.53,1,18,0,63.0,2,142.0,1.0,1038.91,Tinggi,1
64.9,0,11,1,51.0,2,72.0,1.0,6854.61,Rendah,1
358.18,1,4,0,18.0,3,157.0,1.0,619.86,Tinggi,3
167.2,1,35,1,30.0,0,84.0,1.0,11320.83,Sedang,2
121.91,1,6,1,60.0,0,133.0,1.0,14510.8,Sedang,2
137.57,1,21,2,54.0,1,70.0,1.0,5103.67,Sedang,1
534.62,1,28,2,55.0,0,45.0,1.0,13793.53,Sangat Tinggi,2
463.92,1,23,2,50.0,1,199.0,1.0,2403.39,Sangat Tinggi,4
320.14,1,25,2,60.0,2,96.0,1.0,3075.97,Tinggi,1
214.93,1,0,2,28.0,3,52.0,1.0,7835.4,Tinggi,2
660.02,1,26,1,20.0,3,84.0,1.0,414.43,Sangat Tinggi,0
345.81,1,33,1,40.0,1,135.0,1.0,6116.8,Tinggi,2
143.54,1,30,0,71.0,2,80.0,1.0,6067.62,Sedang,1
541.79,1,23,0,22.0,3,125.0,1.0,1454.08,Sangat Tinggi,0
40.57,1,8,1,26.0,3,63.0,1.0,1476.91,Rendah,3
498.67,1,24,2,28.0,3,244.0,1.0,1719.97,Sangat Tinggi,4
227.22,1,12,0,53.0,0,220.0,1.0,832.82,Tinggi,4
59.44,1,6,2,35.0,1,176.0,1.0,5472.03,Rendah,4
230.46,1,23,2,19.0,3,179.0,1.0,162.53,Tinggi,3
65.09,0,39,2,44.0,1,159.0,1.0,9370.9,Rendah,2
457.09,0,26,2,55.0,1,63.0,1.0,8570.82,Sangat Tinggi,2
552.02,0,6,0,44.0,1,100.0,1.0,522.08,Sangat Tinggi,0
377.12,1,15,0,34.0,1,61.0,1.0,836.67,Sangat Tinggi,3
204.56,0,36,1,18.0,3,179.0,1.0,364.72,Tinggi,3
420.28,1,42,1,35.0,0,144.0,1.0,8557.32,Sangat Tinggi,2
124.59,1,5,1,27.0,3,171.0,1.0,129.29,Sedang,3
73.88,1,5,2,39.0,0,34.0,1.0,6474.41,Rendah,2
245.93,1,14,1,54.0,1,172.0,1.0,7986.63,Tinggi,4
622.41,1,16,0,64.0,0,125.0,1.0,7322.01,Sangat Tinggi,0
43.73,1,29,0,34.0,0,145.0,1.0,9929.43,Rendah,2
2.03,0,11,0,33.0,1,28.0,1.0,3012.31,Rendah,3
770.65,1,17,2,31.0,0,137.0,1.0,7198.8,Sangat Tinggi,0
260.31,1,2,1,63.0,0,113.0,1.0,10980.38,Tinggi,2
356.1,0,13,1,26.0,3,187.0,1.0,868.35,Tinggi,3
27.07,0,41,1,80.0,2,39.0,1.0,3773.29,Rendah,1
119.89,1,40,0,67.0,0,60.0,1.0,6697.77,Sedang,1
106.39,1,41,2,37.0,0,281.0,1.0,9410.99,Sedang,4
12.04,1,13,2,37.0,1,58.0,1.0,6213.32,Rendah,2
29.38,0,3,1,28.0,3,63.0,1.0,1663.31,Rendah,3
319.85,1,10,0,60.0,0,148.0,1.0,711.66,Tinggi,1
350.14,0,20,2,75.0,2,38.0,1.0,2403.25,Tinggi,1
163.94,0,41,1,52.0,2,73.0,1.0,5957.37,Sedang,1
170.53,1,28,1,24.0,3,58.0,1.0,801.01,Sedang,3
41.49,1,0,2,24.0,3,13.0,1.0,928.33,Rendah,3
121.43,0,34,1,52.0,1,243.0,1.0,7365.28,Sedang,4
350.46,1,26,1,51.0,2,165.0,1.0,5839.38,Tinggi,4
220.41,0,12,2,26.0,1,155.0,1.0,5116.98,Tinggi,3
33.46,1,39,0,72.0,2,111.0,1.0,3641.07,Rendah,1
104.79,1,10,0,70.0,0,223.0,1.0,1352.19,Sedang,4
246.27,1,14,2,29.0,0,141.0,1.0,7299.86,Tinggi,2
48.85,1,9,0,19.0,3,176.0,1.0,1503.56,Rendah,3
332.0,1,5,0,69.0,2,17.0,1.0,5943.13,Tinggi,1
118.1,1,22,2,54.0,1,167.0,1.0,895.66,Sedang,1
84.59,0,19,1,67.0,0,10.0,1.0,5669.1,Sedang,1
295.64,1,17,2,21.0,3,82.0,1.0,1061.96,Tinggi,3
514.33,1,30,1,25.0,3,160.0,1.0,1592.94,Sangat Tinggi,0
94.59,1,42,2,39.0,0,34.0,1.0,6171.89,Sedang,2
80.43,1,8,1,59.0,2,157.0,1.0,5987.67,Sedang,1
54.25,1,41,2,68.0,0,37.0,1.0,14783.33,Rendah,2
518.85,1,18,2,22.0,3,82.0,1.0,1806.0,Sangat Tinggi,0
10.65,1,21,2,54.0,0,161.0,1.0,13240.72,Rendah,2
107.03,1,24,1,27.0,3,73.0,1.0,1408.07,Sedang,3
346.11,1,9,1,41.0,1,213.0,1.0,9551.64,Tinggi,4
138.06,1,5,1,44.0,1,159.0,1.0,1070.47,Sedang,3
158.02,1,27,0,49.0,1,120.0,1.0,9374.24,Sedang,2
830.01,0,6,2,66.0,2,96.0,1.0,4253.18,Sangat Tinggi,0
110.49,1,33,2,57.0,0,48.0,1.0,10483.93,Sedang,2
329.4,1,10,2,34.0,0,68.0,1.0,9588.07,Tinggi,2
635.4,1,10,0,47.0,0,106.0,1.0,1238.11,Sangat Tinggi,0
769.97,1,36,1,22.0,3,23.0,1.0,1244.93,Sangat Tinggi,0
175.07,1,7,1,26.0,3,169.0,1.0,1040.25,Sedang,3
7.31,1,19,1,78.0,2,282.0,1.0,5757.67,Rendah,4
56.12,1,12,0,30.0,0,102.0,1.0,8839.67,Rendah,2
424.7,0,24,2,56.0,2,178.0,1.0,6239.89,Sangat Tinggi,4
35.73,1,24,1,65.0,0,87.0,1.0,9073.17,Rendah,1
3.44,1,13,0,78.0,2,108.0,1.0,7561.33,Rendah,1
139.03,0,20,2,50.0,1,81.0,1.0,2276.57,Sedang,1
254.92,0,35,0,28.0,1,169.0,1.0,2791.12,Tinggi,3
115.11,1,0,2,28.0,1,139.0,1.0,9808.97,Sedang,2
171.11,1,37,0,57.0,2,171.0,1.0,6324.09,Sedang,1
408.46,1,33,1,64.0,2,28.0,1.0,3140.79,Sangat Tinggi,1
342.17,0,27,1,21.0,3,247.0,1.0,461.83,Tinggi,4
580.71,1,30,0,53.0,1,95.0,1.0,5670.0,Sangat Tinggi,0
821.54,0,1,1,79.0,2,36.0,1.0,4040.32,Sangat Tinggi,0
253.47,1,1,1,20.0,3,238.0,1.0,220.51,Tinggi,4
22.81,1,27,2,62.0,2,75.0,1.0,3634.76,Rendah,1
266.57,0,4,2,39.0,1,96.0,1.0,7180.48,Tinggi,2
374.61,0,23,2,75.0,2,37.0,1.0,1389.71,Sangat Tinggi,1
339.35,0,4,0,78.0,2,70.0,1.0,5002.7,Tinggi,1
810.36,1,8,0,20.0,3,67.0,1.0,9239.12,Sangat Tinggi,0
9.83,1,22,0,24.0,3,86.0,1.0,666.42,Rendah,3
135.57,0,4,1,51.0,0,116.0,1.0,11351.64,Sedang,2
340.05,1,11,0,43.0,1,37.0,1.0,7234.15,Tinggi,2
283.45,1,7,1,27.0,1,127.0,1.0,2049.51,Tinggi,3
100.99,1,27,0,68.0,0,114.0,1.0,8865.27,Sedang,1
90.88,1,0,1,18.0,3,176.0,1.0,3908.47,Sedang,3
655.15,1,39,0,26.0,1,264.0,1.0,5587.44,Sangat Tinggi,4
320.55,1,25,2,50.0,1,118.0,1.0,438.75,Tinggi,1
41.51,1,31,2,28.0,3,48.0,1.0,609.6,Rendah,3
71.53,0,17,1,68.0,2,39.0,1.0,2393.73,Rendah,1
467.13,0,18,1,54.0,2,45.0,1.0,3914.84,Sangat Tinggi,0
235.4,1,11,1,28.0,3,70.0,1.0,818.36,Tinggi,3
159.32,1,39,1,18.0,3,100.0,1.0,304.44,Sedang,3
50.83,0,30,2,30.0,0,48.0,1.0,9553.42,Rendah,2
56.89,0,15,1,59.0,1,56.0,1.0,3034.67,Rendah,1
20.22,1,17,0,43.0,1,138.0,1.0,5515.32,Rendah,1
50.4,1,35,1,36.0,0,84.0,1.0,1677.01,Rendah,3
73.88,1,20,1,53.0,2,131.0,1.0,4055.55,Rendah,1
119.61,1,36,0,33.0,0,53.0,1.0,9899.94,Sedang,2
116.58,1,33,1,43.0,1,247.0,1.0,2620.74,Sedang,4
156.26,0,41,1,46.0,1,160.0,1.0,7854.1,Sedang,2
427.0,0,28,1,49.0,1,163.0,1.0,8253.65,Sangat Tinggi,2
67.57,1,5,1,37.0,1,107.0,1.0,2766.12,Rendah,3
326.29,1,10,2,56.0,1,179.0,1.0,8171.26,Tinggi,4
158.56,1,34,0,33.0,0,100.0,1.0,5401.21,Sedang,3
56.02,1,22,2,27.0,3,142.0,1.0,3548.02,Rendah,3
245.67,0,32,1,24.0,3,107.0,1.0,752.25,Tinggi,3
114.35,0,12,1,41.0,1,21.0,1.0,469.12,Sedang,3
504.63,1,32,2,60.0,1,168.0,1.0,3806.16,Sangat Tinggi,0
820.15,1,18,1,47.0,0,181.0,1.0,8802.97,Sangat Tinggi,0
8.37,1,7,0,63.0,2,135.0,1.0,1106.34,Rendah,1
197.49,0,14,2,53.0,2,30.0,1.0,5005.33,Sedang,1
637.97,1,27,1,58.0,2,90.0,1.0,7949.03,Sangat Tinggi,0
13.52,1,39,0,26.0,3,65.0,1.0,259.77,Rendah,3
432.1,1,37,0,49.0,1,240.0,1.0,2114.3,Sangat Tinggi,4
642.68,1,14,1,50.0,0,94.0,1.0,8461.46,Sangat Tinggi,0
78.44,0,38,2,52.0,2,292.0,1.0,6870.84,Rendah,4
139.72,1,22,1,49.0,1,201.0,1.0,5058.83,Sedang,4
499.99,1,38,1,31.0,1,296.0,1.0,8885.0,Sangat Tinggi,4
10.07,1,0,2,24.0,3,49.0,1.0,530.81,Rendah,3
120.62,1,33,0,23.0,3,85.0,1.0,9379.53,Sedang,2
578.49,1,26,1,59.0,2,180.0,1.0,6475.13,Sangat Tinggi,0
280.92,1,31,2,41.0,0,168.0,1.0,5298.85,Tinggi,4
42.42,1,34,2,21.0,3,102.0,1.0,490.57,Rendah,3
77.03,1,14,0,67.0,0,259.0,1.0,11310.27,Rendah,4
22.59,1,39,0,62.0,2,45.0,1.0,3988.75,Rendah,1
568.76,1,3,0,51.0,2,155.0,1.0,7484.32,Sangat Tinggi,0
105.94,1,28,1,51.0,1,207.0,1.0,5963.1,Sedang,4
350.15,0,14,0,21.0,3,195.0,1.0,296.47,Tinggi,3
183.67,1,36,2,19.0,3,238.0,1.0,910.26,Sedang,4
278.27,1,40,1,29.0,0,123.0,1.0,6684.34,Tinggi,2
470.3,1,2,0,40.0,0,88.0,1.0,8524.09,Sangat Tinggi,0
261.69,1,30,0,53.0,2,84.0,1.0,5126.65,Tinggi,1
365.04,1,41,1,22.0,3,94.0,1.0,873.89,Tinggi,3
211.1,1,24,1,57.0,2,136.0,1.0,7059.77,Tinggi,1
21.49,1,10,0,58.0,0,240.0,1.0,11991.24,Rendah,4
63.58,1,8,0,18.0,3,199.0,1.0,8086.04,Rendah,4
321.86,1,35,0,63.0,0,167.0,1.0,12626.49,Tinggi,2
642.54,1,25,1,44.0,1,28.0,1.0,3143.17,Sangat Tinggi,0
313.65,0,6,1,55.0,2,173.0,1.0,1886.36,Tinggi,4
99.76,1,34,1,26.0,3,131.0,1.0,416.89,Sedang,3
115.32,1,10,1,53.0,2,113.0,1.0,5929.08,Sedang,1
33.61,1,25,2,23.0,3,72.0,1.0,479.08,Rendah,3
498.59,0,28,2,33.0,0,32.0,1.0,5862.99,Sangat Tinggi,0
98.81,1,37,1,27.0,3,91.0,1.0,797.1,Sedang,3
1.87,1,42,0,65.0,2,147.0,1.0,7287.94,Rendah,1
78.92,0,17,2,59.0,1,95.0,1.0,5624.86,Rendah,1
194.29,0,39,1,39.0,1,10.0,1.0,2988.41,Sedang,3
105.53,1,7,2,24.0,3,88.0,1.0,1433.66,Sedang,3
737.34,1,24,2,30.0,0,34.0,1.0,7336.56,Sangat Tinggi,0
237.86,1,30,0,18.0,3,210.0,1.0,475.63,Tinggi,3
409.61,1,18,1,65.0,0,89.0,1.0,11698.15,Sangat Tinggi,2
75.53,0,14,2,21.0,3,157.0,1.0,1034.35,Rendah,3
72.75,1,31,0,64.0,0,15.0,1.0,12042.79,Rendah,2
39.11,1,8,2,26.0,3,143.0,1.0,518.54,Rendah,3
729.38,1,20,0,68.0,0,90.0,1.0,9127.65,Sangat Tinggi,0
137.49,1,13,0,34.0,1,50.0,1.0,4471.05,Sedang,3
504.71,1,11,2,29.0,1,61.0,1.0,6214.54,Sangat Tinggi,0
371.47,0,25,1,24.0,3,58.0,1.0,1187.04,Tinggi,3
430.35,1,5,2,36.0,0,205.0,1.0,354.9,Sangat Tinggi,4
230.32,1,19,1,35.0,1,56.0,1.0,791.46,Tinggi,3
121.71,1,6,0,52.0,2,140.0,1.0,5878.89,Sedang,1
98.87,1,11,2,20.0,3,179.0,1.0,533.2,Sedang,3
117.55,1,14,0,24.0,3,35.0,1.0,897.94,Sedang,3
244.64,1,40,1,30.0,0,103.0,1.0,9159.56,Tinggi,2
321.93,1,26,0,45.0,1,12.0,1.0,4392.73,Tinggi,1
346.65,1,42,2,30.0,1,60.0,1.0,6356.96,Tinggi,3
388.65,1,28,0,76.0,2,43.0,1.0,7896.85,Sangat Tinggi,1
29.22,1,35,0,24.0,3,151.0,1.0,1649.43,Rendah,3
46.75,1,7,1,67.0,2,150.0,1.0,2840.43,Rendah,1
348.64,1,38,2,57.0,2,128.0,1.0,3274.96,Tinggi,1
319.17,1,40,2,73.0,2,81.0,1.0,6501.56,Tinggi,1
73.95,1,18,0,26.0,3,76.0,1.0,363.92,Rendah,3
389.63,1,23,2,27.0,1,99.0,1.0,9748.48,Sangat Tinggi,2
217.61,1,6,0,19.0,3,45.0,1.0,1404.53,Tinggi,3
199.84,1,9,0,21.0,3,150.0,1.0,706.44,Tinggi,3
56.35,1,5,0,44.0,0,75.0,1.0,5095.73,Rendah,1
248.95,0,37,1,65.0,2,29.0,1.0,3059.79,Tinggi,1
142.58,1,35,0,33.0,1,145.0,1.0,7844.23,Sedang,2
333.78,1,36,0,60.0,2,98.0,1.0,6810.94,Tinggi,1
332.59,1,35,2,55.0,2,143.0,1.0,1457.07,Tinggi,1
236.81,1,28,1,22.0,3,15.0,1.0,813.68,Tinggi,3
417.8,0,30,1,27.0,3,130.0,1.0,1518.82,Sangat Tinggi,3
319.27,1,35,0,50.0,0,150.0,1.0,10269.78,Tinggi,2
820.62,0,14,1,61.0,0,158.0,1.0,6024.8,Sangat Tinggi,0
474.77,0,16,2,56.0,1,50.0,1.0,2158.59,Sangat Tinggi,0
542.72,0,16,1,43.0,0,92.0,1.0,6011.8,Sangat Tinggi,0
79.8,1,13,0,73.0,2,76.0,1.0,6372.58,Sedang,1
46.24,1,36,1,57.0,1,52.0,1.0,2569.56,Rendah,1
327.8,1,37,0,61.0,0,54.0,1.0,10585.48,Tinggi,2
445.79,1,19,0,52.0,0,161.0,1.0,717.99,Sangat Tinggi,0
55.89,1,14,2,72.0,2,150.0,1.0,3689.65,Rendah,1
158.41,1,34,1,28.0,3,16.0,1.0,1512.16,Sedang,3
101.19,0,10,2,64.0,0,75.0,1.0,14389.45,Sedang,2
61.97,1,31,0,74.0,2,95.0,1.0,7014.69,Rendah,1
27.21,1,38,0,79.0,2,102.0,1.0,3520.61,Rendah,1
173.74,1,15,2,80.0,2,64.0,1.0,4913.42,Sedang,1
176.11,1,38,1,38.0,1,105.0,1.0,9155.35,Sedang,2
88.4,1,13,2,46.0,1,174.0,1.0,2567.53,Sedang,4
567.92,1,8,2,53.0,2,14.0,1.0,3779.47,Sangat Tinggi,0
138.11,0,31,2,68.0,2,104.0,1.0,4177.65,Sedang,1
456.93,0,41,1,28.0,1,193.0,1.0,7284.76,Sangat Tinggi,4
101.42,1,1,2,66.0,2,146.0,1.0,6530.59,Sedang,1
300.61,1,12,2,44.0,0,51.0,1.0,7895.54,Tinggi,2
265.94,1,4,2,54.0,1,132.0,1.0,6781.3,Tinggi,1
345.54,1,36,2,29.0,1,50.0,1.0,2091.78,Tinggi,3
411.52,1,20,0,41.0,0,88.0,1.0,11108.39,Sangat Tinggi,2
111.21,1,32,1,35.0,0,111.0,1.0,9088.36,Sedang,2
316.37,1,7,0,53.0,1,86.0,1.0,4671.69,Tinggi,1
260.63,1,13,1,37.0,1,142.0,1.0,7534.73,Tinggi,2
92.36,1,9,0,29.0,1,144.0,1.0,6353.14,Sedang,3
262.06,1,28,1,63.0,0,118.0,1.0,13587.52,Tinggi,2
64.5,1,10,0,74.0,2,230.0,1.0,1351.24,Rendah,4
175.94,1,16,0,57.0,2,89.0,1.0,3728.04,Sedang,1
199.47,1,11,2,57.0,0,142.0,1.0,6067.44,Sedang,1
51.07,1,9,1,63.0,2,133.0,1.0,4292.16,Rendah,1
435.86,1,17,0,56.0,2,134.0,1.0,3801.82,Sangat Tinggi,0
74.73,0,17,1,64.0,2,162.0,1.0,6353.22,Rendah,1
182.79,0,21,2,23.0,3,14.0,1.0,1251.85,Sedang,3
628.36,1,2,2,44.0,0,108.0,1.0,11869.71,Sangat Tinggi,0
268.39,1,35,2,29.0,0,177.0,1.0,9409.43,Tinggi,2
560.15,0,22,2,50.0,1,92.0,1.0,817.83,Sangat Tinggi,0
132.36,1,7,1,28.0,3,160.0,1.0,319.65,Sedang,3
24.77,0,26,2,40.0,1,17.0,1.0,478.23,Rendah,3
80.24,0,27,1,53.0,0,58.0,1.0,8012.81,Sedang,2
8.65,1,23,0,68.0,2,198.0,1.0,4201.22,Rendah,1
178.91,1,29,0,18.0,3,19.0,1.0,8870.89,Sedang,2
115.22,1,37,1,27.0,1,108.0,1.0,906.2,Sedang,3
161.63,1,38,2,46.0,0,276.0,1.0,9286.37,Sedang,4
542.75,0,26,1,70.0,2,63.0,1.0,2224.08,Sangat Tinggi,0
317.47,0,34,2,67.0,0,16.0,1.0,14639.28,Tinggi,2
280.99,1,15,1,45.0,1,29.0,1.0,9733.59,Tinggi,2
24.19,1,36,0,29.0,1,28.0,1.0,2756.2,Rendah,3
372.41,1,36,0,55.0,2,143.0,1.0,3233.87,Tinggi,1
247.17,0,6,1,65.0,2,149.0,1.0,2611.64,Tinggi,1
48.78,0,18,1,18.0,3,136.0,1.0,552.06,Rendah,3
4.15,0,29,1,60.0,2,119.0,1.0,6017.36,Rendah,1
60.99,1,28,1,34.0,1,58.0,1.0,7281.46,Rendah,2
408.19,1,23,1,26.0,1,241.0,1.0,6847.47,Sangat Tinggi,4
524.6,1,12,1,58.0,0,76.0,1.0,13017.7,Sangat Tinggi,2
108.96,1,25,0,26.0,3,247.0,1.0,7597.66,Sedang,4
70.03,1,26,1,63.0,2,49.0,1.0,7330.31,Rendah,1
324.04,1,41,0,54.0,2,30.0,1.0,2248.06,Tinggi,1
39.69,1,2,2,70.0,2,163.0,1.0,3524.68,Rendah,1
81.27,0,39,2,22.0,3,68.0,1.0,1814.48,Sedang,3
193.82,1,18,1,37.0,1,176.0,1.0,3886.77,Sedang,4
474.05,1,38,0,57.0,2,214.0,1.0,1484.31,Sangat Tinggi,4
637.75,1,9,1,79.0,2,152.0,1.0,4202.92,Sangat Tinggi,0
153.59,0,32,1,66.0,2,174.0,1.0,4813.12,Sedang,1
186.6,1,40,1,18.0,3,139.0,1.0,9716.68,Sedang,2
644.08,1,1,2,24.0,3,55.0,1.0,1980.62,Sangat Tinggi,0
305.0,1,31,0,22.0,3,222.0,1.0,944.83,Tinggi,4
233.1,0,26,1,42.0,0,37.0,1.0,7469.2,Tinggi,2
793.13,1,22,2,68.0,0,76.0,1.0,13389.16,Sangat Tinggi,0
224.19,1,15,0,52.0,0,93.0,1.0,8475.47,Tinggi,2
214.83,0,40,0,23.0,3,63.0,1.0,991.69,Tinggi,3
163.46,0,3,1,63.0,2,111.0,1.0,6953.8,Sedang,1
194.99,1,17,1,34.0,1,91.0,1.0,1370.03,Sedang,3
227.5,1,34,2,34.0,0,277.0,1.0,11505.35,Tinggi,4
259.9,1,28,2,26.0,3,100.0,1.0,914.28,Tinggi,3
59.51,0,9,2,36.0,0,55.0,1.0,9955.88,Rendah,2
112.94,0,35,2,73.0,2,31.0,1.0,3807.84,Sedang,1
11.81,1,31,0,21.0,3,131.0,1.0,320.25,Rendah,3
329.14,1,34,1,55.0,0,14.0,1.0,12033.92,Tinggi,2
154.24,1,23,0,61.0,2,82.0,1.0,6109.55,Sedang,1
233.44,1,6,2,20.0,3,297.0,1.0,1691.88,Tinggi,4
98.71,1,13,0,32.0,0,117.0,1.0,10095.23,Sedang,2
87.38,1,1,1,21.0,3,252.0,1.0,1504.99,Sedang,4
83.39,1,29,1,32.0,0,158.0,1.0,13182.11,Sedang,2
267.55,1,5,2,46.0,1,40.0,1.0,4330.04,Tinggi,1
870.05,1,12,0,29.0,0,39.0,1.0,905.25,Sangat Tinggi,0
164.51,1,21,1,78.0,2,110.0,1.0,3553.69,Sedang,1
758.12,1,37,0,69.0,2,90.0,1.0,6164.65,Sangat Tinggi,0
103.76,1,18,2,28.0,1,188.0,1.0,9626.14,Sedang,2
583.92,1,18,2,55.0,1,139.0,1.0,6364.14,Sangat Tinggi,0
204.06,1,42,2,77.0,2,159.0,1.0,4351.83,Tinggi,1
53.51,1,27,2,56.0,2,165.0,1.0,5773.5,Rendah,1
120.17,1,32,0,49.0,0,105.0,1.0,5403.79,Sedang,1
220.8,1,16,2,31.0,1,28.0,1.0,8135.31,Tinggi,2
119.01,1,30,0,45.0,0,87.0,1.0,9798.26,Sedang,2
183.32,1,33,0,21.0,3,74.0,1.0,137.42,Sedang,3
858.88,1,17,2,60.0,1,227.0,1.0,7015.46,Sangat Tinggi,0
11.46,0,37,2,41.0,1,128.0,1.0,2356.71,Rendah,3
61.37,1,8,1,75.0,2,164.0,1.0,4294.44,Rendah,1
103.08,0,25,1,49.0,1,150.0,1.0,9251.38,Sedang,2
425.18,0,7,2,26.0,1,172.0,1.0,9880.71,Sangat Tinggi,2
60.96,1,7,0,52.0,2,238.0,1.0,6189.24,Rendah,4
64.21,1,29,0,51.0,0,37.0,1.0,12540.18,Rendah,2
523.02,1,17,2,53.0,2,83.0,1.0,4586.11,Sangat Tinggi,0
50.26,1,19,1,65.0,2,164.0,1.0,1519.38,Rendah,1
110.08,1,11,1,19.0,3,95.0,1.0,1447.26,Sedang,3
54.47,0,30,1,23.0,3,34.0,1.0,1131.42,Rendah,3
79.76,1,18,2,68.0,0,115.0,1.0,10278.75,Sedang,2
16.79,0,11,2,30.0,0,146.0,1.0,535.15,Rendah,3
68.62,1,29,1,29.0,0,157.0,1.0,13891.47,Rendah,2
643.38,0,11,2,18.0,3,105.0,1.0,1046.74,Sangat Tinggi,0
328.34,0,36,2,42.0,1,31.0,1.0,2840.45,Tinggi,3
72.68,1,39,2,69.0,2,44.0,1.0,6216.77,Rendah,1
354.76,1,11,1,51.0,0,279.0,1.0,10141.92,Tinggi,4
793.88,0,20,0,22.0,3,252.0,1.0,1404.06,Sangat Tinggi,0
29.22,1,11,0,27.0,1,69.0,1.0,7795.79,Rendah,2
366.43,0,32,2,21.0,3,92.0,1.0,1560.45,Tinggi,3
233.74,1,4,2,72.0,2,142.0,1.0,4749.54,Tinggi,1
471.84,1,33,0,18.0,3,138.0,1.0,1044.33,Sangat Tinggi,3
213.4,0,13,1,73.0,2,100.0,1.0,2012.24,Tinggi,1
254.21,1,31,0,48.0,1,46.0,1.0,2487.2,Tinggi,1
577.73,1,38,0,37.0,0,63.0,1.0,14977.99,Sangat Tinggi,2
170.26,1,6,0,27.0,3,265.0,1.0,1969.48,Sedang,4
330.61,0,26,1,64.0,2,113.0,1.0,2525.25,Tinggi,1
132.33,0,31,0,35.0,1,47.0,1.0,7457.94,Sedang,2
74.04,1,22,2,18.0,3,66.0,1.0,1690.23,Rendah,3
197.18,1,40,2,28.0,1,135.0,1.0,3114.92,Sedang,3
697.82,1,27,2,44.0,1,153.0,1.0,6824.0,Sangat Tinggi,0
148.0,1,40,1,20.0,3,35.0,1.0,1488.65,Sedang,3
22.26,1,35,1,19.0,3,56.0,1.0,5583.88,Rendah,3
0.86,1,7,0,25.0,3,139.0,1.0,1357.22,Rendah,3
757.1,1,1,1,65.0,0,203.0,1.0,10553.23,Sangat Tinggi,0
38.81,0,41,2,25.0,3,145.0,1.0,1619.6,Rendah,3
32.46,1,5,2,31.0,0,10.0,1.0,8656.18,Rendah,2
20.64,1,5,1,22.0,3,59.0,1.0,949.38,Rendah,3
662.11,1,1,1,23.0,3,219.0,1.0,1996.38,Sangat Tinggi,0
35.05,1,4,1,30.0,0,105.0,1.0,14330.47,Rendah,2
214.73,0,20,0,46.0,0,26.0,1.0,5368.42,Tinggi,1
25.38,1,21,1,57.0,1,66.0,1.0,8616.05,Rendah,2
617.66,1,22,0,41.0,1,40.0,1.0,5906.58,Sangat Tinggi,0
446.39,1,15,0,63.0,2,77.0,1.0,7863.6,Sangat Tinggi,1
377.92,1,33,1,33.0,1,204.0,1.0,2254.71,Sangat Tinggi,4
11.04,1,31,2,30.0,1,43.0,1.0,6983.04,Rendah,2
275.46,1,13,0,36.0,0,67.0,1.0,9697.75,Tinggi,2
179.76,1,30,2,78.0,2,81.0,1.0,5909.52,Sedang,1
32.34,1,18,1,44.0,0,45.0,1.0,7847.62,Rendah,2
273.92,1,32,1,79.0,2,109.0,1.0,4543.56,Tinggi,1
388.98,1,14,0,23.0,3,155.0,1.0,1819.91,Sangat Tinggi,3
492.84,1,16,0,25.0,3,38.0,1.0,577.67,Sangat Tinggi,3
148.85,1,23,0,57.0,0,25.0,1.0,7802.36,Sedang,1
185.99,0,14,1,41.0,1,53.0,1.0,402.45,Sedang,3
322.48,1,17,0,27.0,3,57.0,1.0,1238.43,Tinggi,3
20.27,1,24,1,18.0,3,22.0,1.0,796.35,Rendah,3
104.23,0,21,2,63.0,2,108.0,1.0,5009.29,Sedang,1
55.86,1,39,2,39.0,1,68.0,1.0,5346.46,Rendah,3
95.55,1,21,1,33.0,1,51.0,1.0,2434.74,Sedang,3
477.07,1,8,2,27.0,1,278.0,1.0,6568.07,Sangat Tinggi,4
21.41,1,21,2,57.0,0,99.0,1.0,658.91,Rendah,1
278.28,1,17,1,28.0,3,26.0,1.0,1346.88,Tinggi,3
215.39,1,11,0,27.0,3,216.0,1.0,1582.55,Tinggi,4
194.37,1,25,0,66.0,0,161.0,1.0,14395.88,Sedang,2
19.59,1,5,1,64.0,2,122.0,1.0,1061.69,Rendah,1
81.35,1,15,2,41.0,1,103.0,1.0,7192.45,Sedang,2
314.54,0,41,1,58.0,1,228.0,1.0,9923.45,Tinggi,4
466.64,1,19,0,58.0,0,11.0,1.0,10915.11,Sangat Tinggi,2
472.48,1,27,1,55.0,1,87.0,1.0,7128.82,Sangat Tinggi,0
67.15,1,16,2,59.0,0,14.0,1.0,9028.49,Rendah,2
102.67,1,0,1,79.0,2,119.0,1.0,4656.94,Sedang,1
453.49,1,39,1,66.0,0,147.0,1.0,6366.43,Sangat Tinggi,1
267.17,1,39,0,26.0,3,170.0,1.0,1382.62,Tinggi,3
111.26,1,4,0,66.0,0,43.0,1.0,14350.11,Sedang,2
121.17,1,31,0,68.0,0,158.0,1.0,12990.77,Sedang,2
213.28,1,23,1,51.0,2,94.0,1.0,4835.91,Tinggi,1
187.88,1,26,0,60.0,1,180.0,1.0,2154.58,Sedang,1
471.88,0,38,2,34.0,0,141.0,1.0,14833.34,Sangat Tinggi,2
83.79,1,26,0,57.0,1,47.0,1.0,5061.3,Sedang,1
99.16,1,37,2,79.0,2,202.0,1.0,2607.58,Sedang,1
839.33,0,21,1,60.0,0,86.0,1.0,11538.97,Sangat Tinggi,0
4.24,1,36,2,38.0,1,38.0,1.0,7822.73,Rendah,2
50.29,0,33,2,58.0,0,64.0,1.0,7604.9,Rendah,1
135.85,1,14,2,57.0,2,269.0,1.0,1480.39,Sedang,4
368.53,1,33,1,68.0,0,34.0,1.0,13696.31,Tinggi,2
17.95,0,34,1,64.0,0,135.0,1.0,12344.9,Rendah,2
127.8,0,41,1,31.0,1,47.0,1.0,8630.99,Sedang,2
16.73,1,15,2,45.0,1,48.0,1.0,2202.62,Rendah,3
317.12,1,13,1,44.0,0,80.0,1.0,14409.74,Tinggi,2
476.63,1,5,0,79.0,2,115.0,1.0,4894.25,Sangat Tinggi,1
156.58,1,32,1,24.0,3,160.0,1.0,8981.61,Sedang,2
55.12,0,15,2,34.0,1,261.0,1.0,3791.99,Rendah,4
15.74,1,10,1,27.0,3,38.0,1.0,690.16,Rendah,3
297.15,1,31,2,76.0,2,178.0,1.0,5449.37,Tinggi,1
647.85,1,29,1,36.0,0,121.0,1.0,13779.97,Sangat Tinggi,2
75.04,1,12,0,49.0,1,178.0,1.0,9648.6,Rendah,2
273.92,1,41,2,28.0,3,35.0,1.0,1029.15,Tinggi,3
215.8,0,17,1,51.0,2,66.0,1.0,3656.62,Tinggi,1
420.6,1,21,1,26.0,3,55.0,1.0,1778.75,Sangat Tinggi,3
688.36,0,22,1,23.0,3,22.0,1.0,5191.13,Sangat Tinggi,0
285.18,0,34,1,55.0,0,150.0,1.0,14847.97,Tinggi,2
213.55,1,4,0,63.0,0,15.0,1.0,5238.37,Tinggi,1
463.11,0,19,1,51.0,0,159.0,1.0,10238.82,Sangat Tinggi,2
309.56,1,5,2,58.0,0,147.0,1.0,972.04,Tinggi,1
377.08,0,23,1,26.0,3,71.0,1.0,6430.86,Sangat Tinggi,3
77.25,1,41,1,68.0,0,157.0,1.0,14077.97,Rendah,2
146.92,1,32,0,64.0,2,272.0,1.0,3990.6,Sedang,4
126.6,1,35,1,22.0,3,146.0,1.0,961.65,Sedang,3
101.34,1,4,0,24.0,3,46.0,1.0,703.26,Sedang,3
184.97,1,10,1,58.0,0,268.0,1.0,1156.67,Sedang,4
451.15,1,7,0,46.0,1,175.0,1.0,1356.47,Sangat Tinggi,0
516.47,0,5,0,25.0,3,94.0,1.0,1305.06,Sangat Tinggi,0
880.04,1,34,0,25.0,3,29.0,1.0,261.97,Sangat Tinggi,0
66.69,0,35,1,25.0,3,140.0,1.0,1210.33,Rendah,3
95.75,1,20,1,31.0,1,169.0,1.0,337.62,Sedang,3
98.03,1,12,1,54.0,1,165.0,1.0,6323.45,Sedang,1
617.66,1,4,0,42.0,1,128.0,1.0,7155.95,Sangat Tinggi,0
888.57,1,35,2,62.0,2,102.0,1.0,7896.14,Sangat Tinggi,0
107.48,1,29,1,22.0,3,129.0,1.0,591.23,Sedang,3
36.57,1,29,0,62.0,2,69.0,1.0,2583.07,Rendah,1
575.62,1,28,2,43.0,0,129.0,1.0,234.41,Sangat Tinggi,0
84.89,1,38,0,37.0,1,70.0,1.0,4735.61,Sedang,3
7.76,0,19,2,52.0,2,84.0,1.0,7393.11,Rendah,2
109.3,1,13,1,56.0,0,27.0,1.0,13510.11,Sedang,2
230.08,1,2,2,79.0,2,124.0,1.0,4466.1,Tinggi,1
361.92,1,11,0,54.0,2,111.0,1.0,7474.31,Tinggi,2
122.45,1,27,1,46.0,0,98.0,1.0,7255.49,Sedang,2
642.53,1,23,0,65.0,0,128.0,1.0,11417.91,Sangat Tinggi,0
175.21,0,23,0,69.0,0,69.0,1.0,6039.04,Sedang,1
168.0,0,40,1,32.0,1,11.0,1.0,3498.58,Sedang,3
11.46,1,6,2,67.0,2,73.0,1.0,6628.75,Rendah,1
382.07,0,29,1,62.0,0,147.0,1.0,10156.09,Sangat Tinggi,2
65.32,1,23,0,28.0,3,54.0,1.0,9165.02,Rendah,2
730.1,0,6,1,77.0,2,93.0,1.0,6384.05,Sangat Tinggi,0
85.31,1,18,0,62.0,2,27.0,1.0,6095.65,Sedang,1
726.61,1,31,0,18.0,3,277.0,1.0,1008.76,Sangat Tinggi,0
130.4,1,33,1,45.0,1,63.0,1.0,4381.24,Sedang,1
68.1,1,25,0,20.0,3,47.0,1.0,1382.8,Rendah,3
65.26,1,34,1,26.0,3,72.0,1.0,7380.63,Rendah,2
191.62,1,17,1,63.0,0,51.0,1.0,1981.67,Sedang,1
212.88,1,14,2,39.0,0,122.0,1.0,7036.72,Tinggi,2
88.38,1,41,0,30.0,1,138.0,1.0,3707.82,Sedang,3
390.09,1,12,2,26.0,1,49.0,1.0,2617.23,Sangat Tinggi,3
48.29,1,36,2,37.0,1,242.0,1.0,8883.4,Rendah,4
333.83,1,14,0,63.0,2,135.0,1.0,1660.66,Tinggi,1
100.27,1,24,2,79.0,2,51.0,1.0,4309.9,Sedang,1
44.54,1,35,0,31.0,1,164.0,1.0,362.4,Rendah,3
82.17,1,13,1,28.0,3,21.0,1.0,1913.06,Sedang,3
447.42,1,5,2,32.0,1,65.0,1.0,6133.22,Sangat Tinggi,0
590.26,0,2,1,25.0,3,48.0,1.0,1068.28,Sangat Tinggi,0
192.73,1,25,1,71.0,2,157.0,1.0,2037.75,Sedang,1
11.57,0,27,1,56.0,2,64.0,1.0,2061.61,Rendah,1
7.82,1,4,0,36.0,1,273.0,1.0,2240.49,Rendah,4
79.43,1,9,0,74.0,2,72.0,1.0,6579.37,Sedang,1
386.97,1,33,1,58.0,2,137.0,1.0,1876.35,Sangat Tinggi,1
51.22,1,14,1,23.0,3,82.0,1.0,1664.59,Rendah,3
256.05,1,26,0,54.0,2,35.0,1.0,6910.18,Tinggi,1
7.79,1,20,1,34.0,0,298.0,1.0,1319.85,Rendah,4
233.71,1,21,1,63.0,0,11.0,1.0,6095.5,Tinggi,1
176.37,1,4,1,55.0,2,126.0,1.0,2420.86,Sedang,1
86.41,1,14,0,75.0,2,125.0,1.0,3128.71,Sedang,1
21.57,1,37,0,54.0,2,71.0,1.0,7587.48,Rendah,1
82.67,1,25,1,26.0,3,46.0,1.0,290.59,Sedang,3
543.47,1,20,0,18.0,3,122.0,1.0,6165.03,Sangat Tinggi,0
346.76,0,38,1,21.0,3,116.0,1.0,1637.75,Tinggi,3
47.48,1,12,1,24.0,3,66.0,1.0,585.52,Rendah,3
64.92,1,1,1,58.0,1,236.0,1.0,5481.76,Rendah,4
350.72,0,14,0,28.0,3,48.0,1.0,1982.9,Tinggi,3
3.8,1,5,2,65.0,0,174.0,1.0,5766.96,Rendah,1
22.54,1,12,2,26.0,1,42.0,1.0,7139.11,Rendah,2
167.47,1,34,0,35.0,1,103.0,1.0,2293.13,Sedang,3
43.65,0,5,1,30.0,1,212.0,1.0,2870.67,Rendah,4
390.77,1,32,2,44.0,0,34.0,1.0,5500.56,Sangat Tinggi,0
508.16,1,23,0,39.0,1,131.0,1.0,5609.44,Sangat Tinggi,0
332.33,1,18,0,27.0,3,101.0,1.0,192.63,Tinggi,3
362.09,1,27,1,32.0,1,31.0,1.0,6590.28,Tinggi,2
42.58,1,38,2,30.0,0,80.0,1.0,13485.0,Rendah,2
248.66,1,6,2,28.0,1,113.0,1.0,2571.39,Tinggi,3
461.25,0,34,2,54.0,0,171.0,1.0,676.1,Sangat Tinggi,0
61.77,1,5,1,56.0,0,49.0,1.0,12352.2,Rendah,2
268.92,1,6,1,29.0,1,148.0,1.0,8765.38,Tinggi,2
219.02,0,36,2,54.0,1,68.0,1.0,7375.73,Tinggi,1
125.14,1,3,1,20.0,3,31.0,1.0,1845.18,Sedang,3
47.6,1,2,2,53.0,1,115.0,1.0,1382.51,Rendah,1
592.82,1,22,2,74.0,2,248.0,1.0,7508.98,Sangat Tinggi,4
372.5,1,26,0,22.0,3,211.0,1.0,3901.82,Tinggi,4
4.72,1,13,1,32.0,1,20.0,1.0,4792.01,Rendah,3
144.93,1,14,1,42.0,1,74.0,1.0,6887.52,Sedang,2
316.56,1,10,2,28.0,1,261.0,1.0,8643.51,Tinggi,4
421.25,1,13,2,25.0,3,66.0,1.0,7174.69,Sangat Tinggi,0
185.71,1,41,1,48.0,1,194.0,1.0,2679.91,Sedang,4
26.27,0,32,2,45.0,1,177.0,1.0,8853.93,Rendah,2
297.03,1,2,2,61.0,2,151.0,1.0,1088.62,Tinggi,1
99.52,1,36,0,52.0,1,127.0,1.0,3798.09,Sedang,1
139.69,1,16,2,52.0,1,180.0,1.0,9567.94,Sedang,2
112.72,1,42,1,31.0,0,17.0,1.0,9630.0,Sedang,2
568.88,1,26,1,19.0,3,105.0,1.0,1307.86,Sangat Tinggi,0
189.03,1,28,0,28.0,3,50.0,1.0,1916.46,Sedang,3
189.08,1,24,1,68.0,0,238.0,1.0,10790.8,Sedang,4
283.15,1,3,2,24.0,3,180.0,1.0,603.79,Tinggi,3
151.82,1,6,0,51.0,2,105.0,1.0,2197.12,Sedang,1
438.59,1,38,2,37.0,1,103.0,1.0,8994.39,Sangat Tinggi,2
501.15,1,31,1,47.0,1,208.0,1.0,8821.84,Sangat Tinggi,4
8.95,1,28,2,76.0,2,102.0,1.0,3299.84,Rendah,1
173.6,1,2,2,21.0,3,160.0,1.0,421.44,Sedang,3
149.4,1,6,0,53.0,2,123.0,1.0,1035.22,Sedang,1
388.21,0,8,1,53.0,0,237.0,1.0,9724.49,Sangat Tinggi,4
126.04,0,5,1,65.0,2,167.0,1.0,6041.69,Sedang,1
52.04,0,7,1,50.0,0,31.0,1.0,8436.12,Rendah,2
389.7,0,2,1,62.0,0,216.0,1.0,7125.15,Sangat Tinggi,4
309.77,0,35,2,67.0,2,137.0,1.0,4378.14,Tinggi,1
724.18,1,13,1,41.0,0,134.0,1.0,10922.78,Sangat Tinggi,0
124.98,1,42,0,24.0,3,78.0,1.0,642.0,Sedang,3
487.32,1,18,1,52.0,0,164.0,1.0,7707.96,Sangat Tinggi,0
635.91,0,17,1,46.0,0,78.0,1.0,13267.09,Sangat Tinggi,2
205.65,1,15,1,62.0,2,144.0,1.0,3582.16,Tinggi,1
39.41,1,21,1,25.0,3,132.0,1.0,921.91,Rendah,3
254.0,1,26,1,35.0,0,63.0,1.0,5788.53,Tinggi,3
436.8,1,15,1,36.0,1,213.0,1.0,4515.43,Sangat Tinggi,4
224.73,1,24,1,76.0,2,63.0,1.0,7551.89,Tinggi,1
752.69,0,9,0,65.0,0,115.0,1.0,14489.69,Sangat Tinggi,0
78.5,0,38,1,31.0,0,41.0,1.0,13991.5,Rendah,2
50.0,0,17,0,53.0,0,87.0,1.0,185.87,Rendah,1
132.42,1,10,0,18.0,3,164.0,1.0,726.39,Sedang,3
83.16,1,20,0,61.0,2,177.0,1.0,3065.87,Sedang,1
149.02,0,13,1,46.0,1,176.0,1.0,9379.72,Sedang,2
74.27,0,22,2,59.0,0,148.0,1.0,13696.61,Rendah,2
876.57,0,32,0,62.0,2,118.0,1.0,3743.63,Sangat Tinggi,0
615.58,1,17,0,42.0,0,133.0,1.0,14343.0,Sangat Tinggi,2
643.03,0,17,2,36.0,1,52.0,1.0,2882.16,Sangat Tinggi,0
7.95,1,31,0,79.0,2,65.0,1.0,5631.2,Rendah,1
270.92,0,21,1,77.0,2,143.0,1.0,4574.43,Tinggi,1
499.48,1,5,0,24.0,3,133.0,1.0,1242.62,Sangat Tinggi,3
841.5,0,1,1,25.0,3,287.0,1.0,352.31,Sangat Tinggi,0
138.82,1,13,2,77.0,2,53.0,1.0,3100.22,Sedang,1
231.46,0,24,1,60.0,1,83.0,1.0,4707.24,Tinggi,1
292.08,1,8,0,72.0,2,32.0,1.0,7950.48,Tinggi,1
63.98,1,3,2,54.0,0,258.0,1.0,7954.12,Rendah,4
235.21,1,4,1,67.0,0,74.0,1.0,5946.61,Tinggi,1
201.73,1,3,2,57.0,1,78.0,1.0,6650.71,Tinggi,1
161.31,1,26,0,28.0,3,13.0,1.0,1268.67,Sedang,3
18.41,1,1,1,53.0,0,168.0,1.0,8287.54,Rendah,2
471.75,0,38,1,34.0,0,41.0,1.0,12948.5,Sangat Tinggi,2
290.02,1,25,1,55.0,1,246.0,1.0,4746.71,Tinggi,4
48.05,1,27,1,27.0,1,38.0,1.0,5334.97,Rendah,3
359.42,1,3,1,55.0,0,30.0,1.0,1765.45,Tinggi,1
32.91,1,13,2,19.0,3,255.0,1.0,427.3,Rendah,4
31.81,1,13,2,51.0,2,149.0,1.0,1406.6,Rendah,1
220.2,1,4,2,28.0,3,102.0,1.0,1075.15,Tinggi,3
476.03,0,15,1,77.0,2,99.0,1.0,5958.34,Sangat Tinggi,1
141.91,1,24,1,23.0,3,49.0,1.0,791.97,Sedang,3
95.83,1,42,2,27.0,3,91.0,1.0,1726.4,Sedang,3
51.15,0,20,1,46.0,1,199.0,1.0,8992.25,Rendah,4
50.75,1,4,0,62.0,0,185.0,1.0,8271.47,Rendah,4
185.07,1,7,1,22.0,3,159.0,1.0,636.42,Sedang,3
293.54,1,34,2,40.0,1,45.0,1.0,2290.1,Tinggi,3
285.26,1,1,0,28.0,3,93.0,1.0,167.72,Tinggi,3
743.03,1,27,0,50.0,1,174.0,1.0,4111.38,Sangat Tinggi,0
297.86,0,25,0,28.0,3,96.0,1.0,1680.14,Tinggi,3
231.92,1,16,0,66.0,0,12.0,1.0,5715.08,Tinggi,1
295.82,0,6,1,47.0,1,46.0,1.0,5897.73,Tinggi,1
81.08,1,29,0,58.0,1,56.0,1.0,7788.91,Sedang,1
775.6,0,23,1,79.0,2,158.0,1.0,3898.64,Sangat Tinggi,0
211.91,1,16,2,20.0,3,181.0,1.0,927.47,Tinggi,3
17.21,1,29,2,23.0,3,219.0,1.0,914.16,Rendah,3
38.37,1,35,0,63.0,0,135.0,1.0,8647.04,Rendah,1
269.79,1,38,0,52.0,1,17.0,1.0,1292.1,Tinggi,1
605.42,1,23,0,21.0,3,33.0,1.0,392.34,Sangat Tinggi,0
29.19,0,26,1,58.0,0,41.0,1.0,12059.85,Rendah,2
701.7,0,39,2,61.0,2,64.0,1.0,6643.24,Sangat Tinggi,0
862.34,1,18,1,57.0,0,72.0,1.0,9903.48,Sangat Tinggi,0
36.97,1,41,1,41.0,1,79.0,1.0,2850.92,Rendah,3
137.59,1,26,0,30.0,0,95.0,1.0,10679.67,Sedang,2
168.11,0,27,2,51.0,0,12.0,1.0,10652.13,Sedang,2
430.98,1,3,1,24.0,3,93.0,1.0,569.25,Sangat Tinggi,3
13.87,1,31,1,24.0,3,20.0,1.0,954.83,Rendah,3
302.82,1,17,0,36.0,1,175.0,1.0,9384.54,Tinggi,2
406.81,1,27,2,66.0,2,84.0,1.0,1968.36,Sangat Tinggi,1
256.3,1,27,2,53.0,2,172.0,1.0,4203.05,Tinggi,4
80.96,0,17,2,19.0,3,97.0,1.0,959.94,Sedang,3
95.78,1,1,2,22.0,3,27.0,1.0,271.64,Sedang,3
379.54,0,16,1,41.0,0,118.0,1.0,12571.76,Sangat Tinggi,2
903.19,1,12,2,22.0,3,65.0,1.0,8627.08,Sangat Tinggi,0
847.45,1,17,1,28.0,3,175.0,1.0,422.32,Sangat Tinggi,0
295.18,0,9,1,66.0,0,31.0,1.0,12961.53,Tinggi,2
18.46,1,5,1,68.0,2,213.0,1.0,6381.6,Rendah,4
603.23,1,11,1,28.0,3,48.0,1.0,117.98,Sangat Tinggi,0
54.5,0,30,1,57.0,2,147.0,1.0,1715.22,Rendah,1
414.77,1,37,2,29.0,0,274.0,1.0,5599.81,Sangat Tinggi,4
886.19,1,7,1,61.0,2,69.0,1.0,7904.24,Sangat Tinggi,0
440.03,1,38,2,49.0,1,88.0,1.0,1490.44,Sangat Tinggi,0
76.39,1,10,1,18.0,3,219.0,1.0,5976.0,Rendah,4
595.91,0,35,0,19.0,3,162.0,1.0,1673.76,Sangat Tinggi,0
6.03,1,6,1,76.0,2,70.0,1.0,3290.72,Rendah,1
249.34,1,5,0,26.0,1,197.0,1.0,3030.97,Tinggi,4
421.52,1,38,1,20.0,3,67.0,1.0,369.86,Sangat Tinggi,3
189.77,1,33,1,58.0,1,24.0,1.0,6570.36,Sedang,1
73.19,1,1,1,76.0,2,213.0,1.0,2264.98,Rendah,1
188.13,0,17,2,75.0,2,198.0,1.0,5029.87,Sedang,1
30.52,1,17,1,62.0,0,122.0,1.0,12327.74,Rendah,2
170.24,1,37,1,62.0,2,133.0,1.0,5172.99,Sedang,1
56.62,1,2,1,54.0,0,121.0,1.0,8981.1,Rendah,2
53.14,1,19,0,34.0,0,70.0,1.0,7915.0,Rendah,2
587.23,1,29,2,27.0,3,144.0,1.0,500.84,Sangat Tinggi,0
21.27,0,16,2,62.0,2,114.0,1.0,7392.79,Rendah,1
76.02,0,0,2,34.0,0,189.0,1.0,14765.41,Rendah,2
135.15,1,7,2,72.0,2,50.0,1.0,5878.14,Sedang,1
39.48,1,29,0,56.0,2,38.0,1.0,5889.51,Rendah,1
451.68,1,15,2,33.0,1,15.0,1.0,4381.54,Sangat Tinggi,0
355.0,0,13,2,26.0,3,33.0,1.0,185.47,Tinggi,3
427.69,1,33,0,43.0,1,236.0,1.0,2443.54,Sangat Tinggi,4
254.86,1,4,1,23.0,3,102.0,1.0,699.9,Tinggi,3
190.17,1,3,0,49.0,0,265.0,1.0,12893.85,Sedang,4
206.63,0,28,2,59.0,2,128.0,1.0,7626.53,Tinggi,1
93.22,1,5,2,52.0,2,52.0,1.0,1014.63,Sedang,1
641.06,1,7,0,23.0,3,25.0,1.0,1602.13,Sangat Tinggi,0
836.45,1,41,2,61.0,2,63.0,1.0,1731.89,Sangat Tinggi,0
189.45,0,4,1,53.0,0,62.0,1.0,12578.75,Sedang,2
91.84,0,23,1,67.0,2,80.0,1.0,1712.41,Sedang,1
609.52,1,42,0,78.0,2,169.0,1.0,3485.03,Sangat Tinggi,0
859.3,0,7,1,78.0,2,68.0,1.0,1146.78,Sangat Tinggi,0
100.01,1,30,0,50.0,0,63.0,1.0,6393.12,Sedang,1
28.78,0,40,2,40.0,0,51.0,1.0,680.55,Rendah,3
111.08,1,6,2,70.0,0,83.0,1.0,7037.34,Sedang,1
52.23,0,37,1,28.0,3,96.0,1.0,105.01,Rendah,3
78.62,1,28,1,32.0,0,52.0,1.0,1360.85,Rendah,3
333.97,1,14,1,52.0,0,45.0,1.0,5237.36,Tinggi,1
30.87,1,14,0,33.0,0,295.0,1.0,14348.65,Rendah,4
710.43,1,36,2,67.0,2,115.0,1.0,5625.55,Sangat Tinggi,0
220.23,1,25,0,41.0,1,48.0,1.0,3438.02,Tinggi,3
27.28,1,1,0,29.0,0,96.0,1.0,10668.24,Rendah,2
101.52,1,40,0,49.0,1,98.0,1.0,2018.9,Sedang,1
162.65,1,27,0,59.0,1,147.0,1.0,9500.95,Sedang,2
10.52,1,18,0,55.0,2,30.0,1.0,2472.99,Rendah,1
270.72,1,20,1,38.0,0,37.0,1.0,6522.47,Tinggi,2
247.58,1,35,0,39.0,1,152.0,1.0,778.74,Tinggi,3
359.65,0,17,2,25.0,3,289.0,1.0,219.53,Tinggi,4
109.91,1,39,1,38.0,0,90.0,1.0,12896.06,Sedang,2
215.72,0,8,1,30.0,1,137.0,1.0,8697.11,Tinggi,2
224.28,1,6,2,64.0,2,68.0,1.0,5767.51,Tinggi,1
608.79,1,13,2,55.0,1,157.0,1.0,2991.17,Sangat Tinggi,0
840.16,0,7,1,20.0,3,68.0,1.0,1236.76,Sangat Tinggi,0
203.34,1,31,0,60.0,0,66.0,1.0,13586.99,Tinggi,2
90.88,1,7,0,26.0,1,284.0,1.0,7117.35,Sedang,4
60.11,0,0,1,61.0,2,122.0,1.0,7235.87,Rendah,1
393.92,1,22,1,72.0,2,47.0,1.0,7318.64,Sangat Tinggi,1
19.39,1,7,0,43.0,0,45.0,1.0,9847.6,Rendah,2
557.41,0,42,2,80.0,2,49.0,1.0,2968.75,Sangat Tinggi,1
57.07,0,4,2,31.0,0,99.0,1.0,9323.71,Rendah,2
395.27,0,24,2,18.0,3,167.0,1.0,1764.08,Sangat Tinggi,3
289.05,1,27,0,75.0,2,116.0,1.0,5683.49,Tinggi,1
46.11,1,37,2,33.0,0,233.0,1.0,5225.73,Rendah,4
335.5,1,34,0,63.0,2,47.0,1.0,6445.4,Tinggi,1
388.07,1,39,2,24.0,3,68.0,1.0,289.71,Sangat Tinggi,3
520.86,0,34,2,51.0,1,66.0,1.0,9200.74,Sangat Tinggi,0
787.41,1,22,2,25.0,3,39.0,1.0,300.87,Sangat Tinggi,0
31.7,0,33,0,48.0,0,121.0,1.0,743.9,Rendah,3
22.3,1,30,0,21.0,3,90.0,1.0,1200.35,Rendah,3
203.12,1,38,0,56.0,2,181.0,1.0,1562.39,Tinggi,4
315.94,0,33,1,49.0,0,172.0,1.0,7719.71,Tinggi,4
0.26,1,28,2,20.0,3,173.0,1.0,1833.67,Rendah,3
210.77,1,23,0,71.0,2,161.0,1.0,5396.65,Tinggi,1
406.65,1,23,0,57.0,0,107.0,1.0,12995.7,Sangat Tinggi,2
422.9,1,40,0,40.0,1,111.0,1.0,7616.43,Sangat Tinggi,0
20.62,0,30,0,35.0,0,225.0,1.0,12500.8,Rendah,2
174.39,1,37,0,19.0,3,36.0,1.0,1127.08,Sedang,3
54.85,0,37,1,58.0,2,40.0,1.0,2727.45,Rendah,1
16.55,1,40,1,26.0,1,159.0,1.0,6089.79,Rendah,3
91.32,1,25,1,58.0,1,77.0,1.0,2618.1,Sedang,1
49.62,1,32,0,55.0,1,111.0,1.0,3841.42,Rendah,1
487.16,0,20,1,28.0,3,84.0,1.0,321.21,Sangat Tinggi,3
405.6,1,40,2,37.0,1,44.0,1.0,9754.73,Sangat Tinggi,2
512.95,1,8,1,57.0,1,143.0,1.0,9584.52,Sangat Tinggi,0
345.94,1,32,0,31.0,0,163.0,1.0,7624.56,Tinggi,2
356.56,1,27,2,47.0,1,52.0,1.0,2485.73,Tinggi,1
10.31,1,21,2,36.0,1,280.0,1.0,2137.9,Rendah,4
211.69,1,1,1,30.0,0,111.0,1.0,6412.85,Tinggi,3
221.49,0,28,1,23.0,3,196.0,1.0,707.25,Tinggi,3
116.88,1,22,0,45.0,0,263.0,1.0,7717.34,Sedang,4
328.77,0,36,2,39.0,0,247.0,1.0,6967.03,Tinggi,4
77.53,1,21,1,54.0,2,55.0,1.0,5158.6,Rendah,1
421.74,1,38,2,67.0,0,103.0,1.0,12031.14,Sangat Tinggi,2
313.69,1,28,1,73.0,2,152.0,1.0,7093.68,Tinggi,1
411.72,1,42,1,29.0,0,153.0,1.0,8539.86,Sangat Tinggi,2
508.73,1,6,1,59.0,2,89.0,1.0,7640.57,Sangat Tinggi,0
153.08,1,29,0,24.0,3,201.0,1.0,1292.21,Sedang,3
23.01,1,19,1,63.0,2,166.0,1.0,5958.75,Rendah,1
69.28,1,20,2,25.0,3,129.0,1.0,708.74,Rendah,3
51.25,0,2,1,28.0,3,66.0,1.0,1744.4,Rendah,3
407.65,1,10,0,25.0,3,263.0,1.0,273.78,Sangat Tinggi,4
459.25,1,40,1,25.0,3,59.0,1.0,130.76,Sangat Tinggi,3
301.56,1,39,1,49.0,0,118.0,1.0,10389.6,Tinggi,2
17.67,1,36,2,63.0,0,91.0,1.0,1048.18,Rendah,1
5.29,0,37,2,32.0,0,132.0,1.0,12896.68,Rendah,2
401.37,1,20,1,43.0,1,251.0,1.0,8208.54,Sangat Tinggi,4
145.4,1,40,2,38.0,1,24.0,1.0,5244.49,Sedang,3
34.31,1,30,0,24.0,3,251.0,1.0,1484.76,Rendah,4
780.59,0,40,2,23.0,3,145.0,1.0,6513.34,Sangat Tinggi,0
282.65,1,13,0,35.0,0,161.0,1.0,13801.15,Tinggi,2
305.27,1,19,2,68.0,0,147.0,1.0,12958.65,Tinggi,2
185.81,1,2,2,32.0,0,116.0,1.0,9588.71,Sedang,2
447.95,1,40,1,29.0,1,75.0,1.0,7544.4,Sangat Tinggi,0
279.3,1,28,0,19.0,3,48.0,1.0,1193.61,Tinggi,3
611.15,1,11,0,27.0,3,121.0,1.0,892.83,Sangat Tinggi,0
275.2,1,27,2,54.0,1,81.0,1.0,1230.12,Tinggi,1
427.79,1,38,1,18.0,3,189.0,1.0,1479.67,Sangat Tinggi,3
102.81,1,39,1,76.0,2,47.0,1.0,3228.87,Sedang,1
22.61,1,39,2,19.0,3,145.0,1.0,1111.67,Rendah,3
68.28,1,4,2,56.0,1,293.0,1.0,3213.16,Rendah,4
33.65,0,27,2,63.0,0,146.0,1.0,12719.93,Rendah,2
362.68,0,24,0,63.0,2,137.0,1.0,2040.77,Tinggi,1
73.23,1,37,1,20.0,3,172.0,1.0,1309.85,Rendah,3
654.49,0,2,2,25.0,3,104.0,1.0,164.61,Sangat Tinggi,0
18.56,0,22,1,49.0,1,161.0,1.0,4230.37,Rendah,1
389.05,1,9,0,27.0,3,41.0,1.0,761.0,Sangat Tinggi,3
66.91,1,39,0,39.0,0,85.0,1.0,871.1,Rendah,3
335.48,1,28,1,45.0,1,155.0,1.0,3023.16,Tinggi,4
38.14,1,0,2,19.0,3,174.0,1.0,1119.21,Rendah,3
360.02,1,9,2,68.0,2,68.0,1.0,6400.59,Tinggi,1
567.71,1,22,2,63.0,0,80.0,1.0,13884.24,Sangat Tinggi,2
218.19,1,2,0,19.0,3,185.0,1.0,620.83,Tinggi,3
209.99,1,10,0,19.0,3,40.0,1.0,1938.01,Tinggi,3
11.02,1,40,1,19.0,3,280.0,1.0,964.79,Rendah,4
83.43,1,27,2,56.0,2,109.0,1.0,1870.16,Sedang,1
344.97,1,2,2,34.0,0,106.0,1.0,5577.94,Tinggi,3
172.29,1,12,0,36.0,1,283.0,1.0,8700.8,Sedang,4
195.54,1,29,2,60.0,2,255.0,1.0,2794.66,Sedang,4
180.46,1,14,0,25.0,3,34.0,1.0,831.75,Sedang,3
692.55,1,5,1,53.0,2,109.0,1.0,2451.56,Sangat Tinggi,0
147.31,0,23,2,34.0,0,92.0,1.0,13625.52,Sedang,2
107.48,1,20,1,20.0,3,103.0,1.0,1379.39,Sedang,3
81.51,1,42,1,25.0,3,97.0,1.0,865.49,Sedang,3
365.48,0,39,2,76.0,2,216.0,1.0,7147.4,Tinggi,4
491.1,0,15,2,35.0,1,125.0,1.0,7833.85,Sangat Tinggi,0
452.8,1,20,1,80.0,2,151.0,1.0,4840.67,Sangat Tinggi,1
88.42,1,12,0,62.0,0,91.0,1.0,12381.45,Sedang,2
155.53,1,3,0,29.0,1,66.0,1.0,4008.05,Sedang,3
39.24,1,9,0,77.0,2,106.0,1.0,6462.41,Rendah,1
78.77,0,19,0,48.0,1,50.0,1.0,6470.57,Rendah,1
26.5,1,16,2,48.0,1,179.0,1.0,4854.83,Rendah,4
83.62,1,33,0,48.0,0,146.0,1.0,12652.22,Sedang,2
142.78,1,36,1,68.0,0,150.0,1.0,11705.88,Sedang,2
55.99,1,12,0,35.0,0,95.0,1.0,932.61,Rendah,3
774.48,1,21,1,61.0,0,31.0,1.0,11613.58,Sangat Tinggi,0
105.37,1,34,0,25.0,3,160.0,1.0,1068.55,Sedang,3
118.83,1,41,2,28.0,3,295.0,1.0,1616.3,Sedang,4
46.22,1,38,1,23.0,3,217.0,1.0,471.28,Rendah,3
659.71,0,38,1,21.0,3,148.0,1.0,106.86,Sangat Tinggi,0
377.97,1,24,2,72.0,2,160.0,1.0,2457.1,Sangat Tinggi,1
114.1,1,4,1,69.0,2,148.0,1.0,5882.12,Sedang,1
11.3,0,21,2,55.0,2,41.0,1.0,1938.99,Rendah,1
95.5,1,29,2,57.0,2,17.0,1.0,4079.09,Sedang,1
130.93,0,15,1,28.0,1,149.0,1.0,860.12,Sedang,3
272.97,1,4,2,68.0,2,174.0,1.0,7811.31,Tinggi,1
73.35,1,37,1,24.0,3,47.0,1.0,1181.84,Rendah,3
29.94,1,37,0,58.0,0,243.0,1.0,10915.54,Rendah,4
820.46,0,13,2,53.0,1,243.0,1.0,5621.86,Sangat Tinggi,0
153.07,1,11,0,56.0,1,116.0,1.0,8873.43,Sedang,2
52.94,1,40,1,41.0,0,146.0,1.0,6990.92,Rendah,2
384.41,1,17,0,60.0,1,65.0,1.0,7831.56,Sangat Tinggi,1
235.42,1,31,1,51.0,2,175.0,1.0,6173.23,Tinggi,4
114.23,1,9,0,56.0,0,64.0,1.0,9523.72,Sedang,2
12.62,1,12,1,33.0,0,61.0,1.0,6420.47,Rendah,2
373.52,1,7,0,35.0,1,235.0,1.0,6430.41,Tinggi,4
336.05,1,35,1,28.0,3,164.0,1.0,1635.05,Tinggi,3
112.27,1,39,1,58.0,0,102.0,1.0,7369.89,Sedang,1
494.96,1,34,0,40.0,1,132.0,1.0,6903.68,Sangat Tinggi,0
561.58,1,34,2,65.0,0,23.0,1.0,11748.86,Sangat Tinggi,2
440.94,1,35,2,42.0,0,148.0,1.0,7303.23,Sangat Tinggi,0
71.9,1,20,1,29.0,0,51.0,1.0,10619.35,Rendah,2
256.66,0,33,2,54.0,2,137.0,1.0,1794.5,Tinggi,1
166.55,0,15,1,59.0,0,99.0,1.0,12970.21,Sedang,2
276.26,1,21,1,56.0,0,143.0,1.0,120.89,Tinggi,1
35.46,1,16,0,67.0,0,164.0,1.0,5692.31,Rendah,1
38.14,1,32,1,50.0,1,165.0,1.0,9879.87,Rendah,2
506.26,0,3,0,64.0,2,86.0,1.0,6266.65,Sangat Tinggi,0
736.32,1,16,2,31.0,0,28.0,1.0,14268.95,Sangat Tinggi,0
389.43,0,2,0,52.0,1,151.0,1.0,6449.83,Sangat Tinggi,0
25.58,1,29,0,60.0,1,166.0,1.0,6741.41,Rendah,1
446.1,1,39,0,25.0,3,243.0,1.0,1008.44,Sangat Tinggi,4
147.74,1,33,1,23.0,3,15.0,1.0,1711.78,Sedang,3
46.23,1,14,2,77.0,2,282.0,1.0,5107.75,Rendah,4
265.37,1,42,1,33.0,1,77.0,1.0,5229.95,Tinggi,3
342.57,1,4,2,20.0,3,91.0,1.0,339.16,Tinggi,3
417.26,0,27,2,32.0,0,45.0,1.0,10442.48,Sangat Tinggi,2
33.63,1,8,2,63.0,2,76.0,1.0,4324.4,Rendah,1
64.58,1,12,1,55.0,2,173.0,1.0,6292.29,Rendah,4
23.23,0,24,1,21.0,3,122.0,1.0,269.01,Rendah,3
285.49,0,5,1,53.0,0,109.0,1.0,6366.84,Tinggi,1
71.87,1,26,0,22.0,3,258.0,1.0,1839.1,Rendah,4
308.8,1,3,0,53.0,2,41.0,1.0,3966.54,Tinggi,1
288.43,1,31,1,66.0,2,72.0,1.0,4577.09,Tinggi,1
147.46,0,0,2,65.0,0,205.0,1.0,7458.03,Sedang,4
170.36,1,16,0,30.0,0,118.0,1.0,6034.73,Sedang,3
736.53,1,30,0,55.0,1,120.0,1.0,9826.26,Sangat Tinggi,0
213.42,1,8,0,45.0,1,17.0,1.0,3736.38,Tinggi,1
94.09,1,24,1,27.0,3,203.0,1.0,646.85,Sedang,3
263.92,0,36,1,57.0,2,233.0,1.0,4161.71,Tinggi,4
77.5,0,13,2,51.0,0,201.0,1.0,11079.77,Rendah,2
3.65,1,24,2,69.0,0,146.0,1.0,10017.11,Rendah,2
224.79,1,4,2,18.0,3,129.0,1.0,528.38,Tinggi,3
64.3,1,21,0,55.0,2,67.0,1.0,7530.3,Rendah,1
111.79,1,17,2,62.0,0,49.0,1.0,10887.59,Sedang,2
613.7,0,13,1,61.0,2,37.0,1.0,7307.11,Sangat Tinggi,0
170.45,1,37,1,60.0,1,199.0,1.0,2284.41,Sedang,4
344.27,1,35,1,22.0,3,123.0,1.0,1918.36,Tinggi,3
872.72,1,42,2,22.0,3,288.0,1.0,503.01,Sangat Tinggi,0
292.95,1,22,1,37.0,1,56.0,1.0,1216.91,Tinggi,3
28.44,1,14,0,18.0,3,243.0,1.0,1071.04,Rendah,4
209.02,1,12,0,21.0,3,74.0,1.0,187.9,Tinggi,3
20.05,1,6,0,72.0,2,171.0,1.0,7145.67,Rendah,1
175.02,1,31,2,28.0,3,71.0,1.0,1493.88,Sedang,3
89.5,0,21,1,41.0,1,134.0,1.0,8658.95,Sedang,2
69.96,1,3,1,28.0,3,31.0,1.0,164.12,Rendah,3
376.78,0,26,2,21.0,3,88.0,1.0,841.65,Sangat Tinggi,3
148.54,0,8,1,71.0,2,107.0,1.0,5677.05,Sedang,1
388.77,0,17,2,26.0,3,30.0,1.0,1658.49,Sangat Tinggi,3
100.38,1,39,1,63.0,0,49.0,1.0,10171.68,Sedang,2
137.23,1,14,1,64.0,0,63.0,1.0,13847.99,Sedang,2
870.3,1,38,0,51.0,2,229.0,1.0,3688.98,Sangat Tinggi,0
458.94,1,11,1,52.0,1,180.0,1.0,5619.95,Sangat Tinggi,0
327.35,0,22,1,20.0,3,175.0,1.0,342.08,Tinggi,3
757.15,1,33,2,53.0,1,38.0,1.0,4702.86,Sangat Tinggi,0
47.23,0,22,2,73.0,2,160.0,1.0,6659.81,Rendah,1
170.97,1,26,1,26.0,3,292.0,1.0,1265.27,Sedang,4
659.15,1,4,0,22.0,3,204.0,1.0,1241.59,Sangat Tinggi,0
31.53,1,18,2,25.0,3,283.0,1.0,874.93,Rendah,4
250.01,1,18,0,62.0,2,88.0,1.0,1541.48,Tinggi,1
554.15,1,33,0,49.0,0,108.0,1.0,14817.22,Sangat Tinggi,2
28.38,1,34,1,55.0,0,98.0,1.0,173.7,Rendah,1
16.8,1,36,0,49.0,0,94.0,1.0,11847.07,Rendah,2
896.79,1,9,2,33.0,0,168.0,1.0,11146.74,Sangat Tinggi,0
159.0,1,19,0,49.0,1,38.0,1.0,369.79,Sedang,1
56.31,0,15,2,75.0,2,195.0,1.0,6396.08,Rendah,1
203.99,1,30,2,52.0,2,215.0,1.0,4840.31,Tinggi,4
50.99,1,11,1,29.0,0,76.0,1.0,1334.6,Rendah,3
101.28,0,6,2,32.0,1,75.0,1.0,2774.35,Sedang,3
299.92,1,10,0,27.0,3,122.0,1.0,1368.0,Tinggi,3
18.35,1,26,1,21.0,3,78.0,1.0,1293.39,Rendah,3
732.53,0,38,0,26.0,3,116.0,1.0,441.54,Sangat Tinggi,0
65.11,1,26,0,34.0,1,150.0,1.0,8485.14,Rendah,2
67.07,0,20,0,24.0,3,56.0,1.0,999.62,Rendah,3
137.48,1,39,1,55.0,0,47.0,1.0,14273.42,Sedang,2
398.36,1,8,0,22.0,3,56.0,1.0,1863.7,Sangat Tinggi,3
469.46,1,27,0,20.0,3,149.0,1.0,8640.56,Sangat Tinggi,0
37.58,1,16,0,57.0,0,182.0,1.0,259.44,Rendah,1
160.24,1,42,0,31.0,1,15.0,1.0,5526.97,Sedang,3
315.39,0,27,1,23.0,3,93.0,1.0,929.6,Tinggi,3
165.91,1,17,0,26.0,3,84.0,1.0,587.12,Sedang,3
211.36,1,37,1,47.0,1,194.0,1.0,4760.34,Tinggi,4
241.45,1,32,2,26.0,3,158.0,1.0,1594.04,Tinggi,3
23.24,1,16,1,68.0,0,129.0,1.0,13777.79,Rendah,2
70.88,0,29,1,74.0,2,176.0,1.0,1794.65,Rendah,1
314.52,1,22,0,80.0,2,229.0,1.0,7071.32,Tinggi,4
181.81,0,2,2,78.0,2,122.0,1.0,7525.73,Sedang,1
854.64,1,13,1,56.0,2,118.0,1.0,2989.25,Sangat Tinggi,0
261.19,1,28,0,64.0,2,52.0,1.0,7620.6,Tinggi,1
220.68,0,33,2,71.0,2,217.0,1.0,5549.2,Tinggi,4
11.86,1,34,1,31.0,1,129.0,1.0,6782.61,Rendah,2
122.65,1,8,2,28.0,3,41.0,1.0,1968.51,Sedang,3
395.16,1,25,2,56.0,2,17.0,1.0,5340.73,Sangat Tinggi,1
704.69,1,19,2,51.0,2,150.0,1.0,3267.84,Sangat Tinggi,0
369.89,1,35,0,69.0,2,69.0,1.0,6941.47,Tinggi,1
10.92,1,17,0,67.0,2,268.0,1.0,7567.2,Rendah,4
199.14,1,39,1,31.0,1,36.0,1.0,7001.25,Sedang,2
620.54,0,29,1,28.0,3,98.0,1.0,213.36,Sangat Tinggi,0
757.79,1,5,2,22.0,3,117.0,1.0,1443.02,Sangat Tinggi,0
122.81,1,38,1,52.0,0,12.0,1.0,8450.84,Sedang,2
96.25,1,15,2,61.0,2,171.0,1.0,7996.7,Sedang,1
142.55,1,18,2,67.0,0,97.0,1.0,1262.68,Sedang,1
35.94,0,14,1,23.0,3,141.0,1.0,1697.28,Rendah,3
24.86,1,17,1,58.0,1,292.0,1.0,2591.65,Rendah,4
103.08,1,37,2,60.0,0,109.0,1.0,12002.16,Sedang,2
116.27,1,32,2,57.0,1,94.0,1.0,8726.92,Sedang,2
50.9,0,17,2,28.0,3,150.0,1.0,1277.7,Rendah,3
206.84,1,30,1,20.0,3,154.0,1.0,454.66,Tinggi,3
199.37,1,6,2,24.0,3,79.0,1.0,1331.3,Sedang,3
18.23,1,26,0,56.0,1,28.0,1.0,8422.2,Rendah,2
398.7,1,0,0,47.0,0,276.0,1.0,7987.74,Sangat Tinggi,4
378.2,1,23,1,40.0,1,167.0,1.0,7372.81,Sangat Tinggi,4
124.74,1,20,0,49.0,1,33.0,1.0,2987.97,Sedang,1
17.1,1,0,0,53.0,2,101.0,1.0,1619.54,Rendah,1
287.05,1,25,0,22.0,3,212.0,1.0,1204.65,Tinggi,3
874.72,1,37,2,28.0,1,173.0,1.0,4630.58,Sangat Tinggi,0
40.12,0,9,0,36.0,0,269.0,1.0,14304.38,Rendah,4
125.0,0,16,2,49.0,1,177.0,1.0,3215.76,Sedang,4
348.44,1,3,2,24.0,3,147.0,1.0,1022.94,Tinggi,3
128.4,1,40,0,69.0,2,31.0,1.0,2610.64,Sedang,1
320.93,1,1,2,55.0,1,178.0,1.0,9451.66,Tinggi,2
1.41,1,34,0,53.0,2,278.0,1.0,1244.17,Rendah,4
50.52,1,20,1,54.0,0,293.0,1.0,12815.24,Rendah,4
383.95,0,36,2,31.0,1,143.0,1.0,9933.56,Sangat Tinggi,2
12.94,1,14,1,23.0,3,158.0,1.0,921.23,Rendah,3
329.75,1,34,2,56.0,2,211.0,1.0,6009.43,Tinggi,4
99.25,0,31,2,63.0,2,93.0,1.0,2570.34,Sedang,1
150.6,1,24,0,69.0,2,59.0,1.0,3240.14,Sedang,1
29.5,1,35,2,73.0,2,129.0,1.0,1229.32,Rendah,1
54.34,1,0,0,65.0,0,46.0,1.0,8019.89,Rendah,1
18.25,1,18,0,53.0,0,18.0,1.0,14328.29,Rendah,2
633.87,1,18,2,27.0,3,175.0,1.0,330.16,Sangat Tinggi,0
81.15,1,24,0,19.0,3,114.0,1.0,1595.26,Sedang,3
83.95,1,27,2,75.0,2,170.0,1.0,7413.18,Sedang,1
410.4,0,41,0,61.0,2,78.0,1.0,2563.91,Sangat Tinggi,1
172.68,1,3,0,33.0,0,17.0,1.0,10724.95,Sedang,2
139.88,1,7,0,34.0,1,162.0,1.0,2969.71,Sedang,3
165.55,1,9,1,28.0,3,115.0,1.0,761.78,Sedang,3
285.69,1,24,0,63.0,2,35.0,1.0,2552.54,Tinggi,1
532.4,1,17,0,22.0,3,149.0,1.0,1033.73,Sangat Tinggi,0
293.85,1,5,2,25.0,3,144.0,1.0,1919.97,Tinggi,3
27.94,1,1,1,79.0,2,120.0,1.0,1893.44,Rendah,1
270.36,1,28,0,25.0,3,37.0,1.0,1783.04,Tinggi,3
506.03,1,11,1,21.0,3,21.0,1.0,1123.89,Sangat Tinggi,3
206.95,1,39,1,22.0,3,31.0,1.0,1817.65,Tinggi,3
350.96,1,40,0,63.0,2,167.0,1.0,5463.94,Tinggi,1
261.63,1,6,1,20.0,3,150.0,1.0,477.03,Tinggi,3
46.12,1,14,1,59.0,0,30.0,1.0,8874.01,Rendah,2
27.25,0,18,1,63.0,2,92.0,1.0,5365.2,Rendah,1
331.66,1,19,0,76.0,2,145.0,1.0,7216.3,Tinggi,1
667.95,0,28,0,62.0,0,253.0,1.0,13558.56,Sangat Tinggi,4
556.04,1,10,0,72.0,2,27.0,1.0,5200.04,Sangat Tinggi,0
88.06,0,33,2,18.0,3,288.0,1.0,1779.85,Sedang,4
67.25,1,24,2,19.0,3,157.0,1.0,467.4,Rendah,3
93.63,1,27,0,29.0,1,141.0,1.0,9873.62,Sedang,2
41.13,0,30,1,77.0,2,58.0,1.0,6067.54,Rendah,1
192.02,0,16,2,79.0,2,154.0,1.0,5169.07,Sedang,1
291.27,1,11,1,77.0,2,121.0,1.0,6878.86,Tinggi,1
341.84,0,12,1,27.0,3,89.0,1.0,1400.04,Tinggi,3
98.41,1,34,2,27.0,3,48.0,1.0,912.71,Sedang,3
27.51,0,8,2,40.0,0,103.0,1.0,13645.63,Rendah,2
25.77,0,36,2,45.0,0,277.0,1.0,11749.77,Rendah,4
127.57,1,26,0,52.0,2,75.0,1.0,6118.2,Sedang,1
392.05,1,10,0,60.0,1,172.0,1.0,4383.69,Sangat Tinggi,1
521.01,0,39,1,41.0,1,73.0,1.0,4004.55,Sangat Tinggi,0
849.76,1,39,0,25.0,3,269.0,1.0,373.88,Sangat Tinggi,0
172.5,1,8,2,68.0,0,31.0,1.0,6851.16,Sedang,1
152.34,1,29,1,55.0,0,115.0,1.0,6853.51,Sedang,1
21.13,1,9,1,28.0,3,153.0,1.0,948.7,Rendah,3
111.55,1,10,0,46.0,0,101.0,1.0,12221.17,Sedang,2
321.82,0,33,1,32.0,1,43.0,1.0,6500.5,Tinggi,2
148.77,1,38,1,67.0,2,175.0,1.0,2138.42,Sedang,1
566.33,0,5,0,24.0,3,66.0,1.0,379.82,Sangat Tinggi,0
180.94,1,33,1,75.0,2,57.0,1.0,7659.99,Sedang,1
77.9,1,42,1,21.0,3,128.0,1.0,664.72,Rendah,3
318.92,0,42,1,21.0,3,60.0,1.0,1167.25,Tinggi,3
100.68,1,22,2,63.0,2,139.0,1.0,1123.75,Sedang,1
589.64,1,5,2,62.0,2,210.0,1.0,2039.4,Sangat Tinggi,0
225.93,0,29,1,25.0,3,199.0,1.0,1864.27,Tinggi,3
651.55,1,31,2,72.0,2,82.0,1.0,2325.78,Sangat Tinggi,0
80.97,1,39,2,38.0,0,157.0,1.0,5926.31,Sedang,4
191.89,1,35,1,25.0,3,14.0,1.0,399.57,Sedang,3
304.75,0,2,1,78.0,2,125.0,1.0,1916.34,Tinggi,1
201.53,1,40,2,68.0,2,287.0,1.0,2732.86,Tinggi,4
8.45,1,30,0,22.0,3,141.0,1.0,1115.3,Rendah,3
743.24,0,16,2,19.0,3,109.0,1.0,1024.19,Sangat Tinggi,0
16.27,1,1,0,57.0,0,44.0,1.0,10971.32,Rendah,2
290.86,1,21,2,45.0,0,36.0,1.0,14631.88,Tinggi,2
555.71,0,4,1,22.0,3,73.0,1.0,830.37,Sangat Tinggi,0
73.01,0,25,2,25.0,3,62.0,1.0,1997.33,Rendah,3
346.12,1,37,1,44.0,0,12.0,1.0,13084.27,Tinggi,2
7.56,1,25,0,40.0,0,145.0,1.0,8528.72,Rendah,2
540.4,1,15,1,45.0,0,272.0,1.0,425.77,Sangat Tinggi,4
264.14,1,3,0,64.0,0,125.0,1.0,8459.26,Tinggi,1
248.15,1,25,0,75.0,2,202.0,1.0,2649.23,Tinggi,1
24.34,1,33,1,54.0,1,110.0,1.0,6659.12,Rendah,1
428.61,1,13,0,66.0,0,62.0,1.0,11937.04,Sangat Tinggi,2
117.66,0,22,1,39.0,0,126.0,1.0,6794.17,Sedang,2
165.8,1,26,2,60.0,1,287.0,1.0,2064.76,Sedang,4
289.18,1,3,0,65.0,2,64.0,1.0,3139.75,Tinggi,1
125.39,1,20,0,21.0,3,140.0,1.0,202.69,Sedang,3
506.9,0,15,1,64.0,0,56.0,1.0,11471.87,Sangat Tinggi,2
504.12,0,3,1,25.0,3,101.0,1.0,1107.28,Sangat Tinggi,3
42.09,1,10,1,29.0,1,118.0,1.0,5526.28,Rendah,3
607.28,1,3,0,32.0,0,84.0,1.0,9679.68,Sangat Tinggi,0
91.9,1,6,2,77.0,2,125.0,1.0,1033.94,Sedang,1
303.43,1,41,1,22.0,3,30.0,1.0,1833.24,Tinggi,3
668.78,1,23,0,20.0,3,141.0,1.0,983.68,Sangat Tinggi,0
270.54,0,34,0,20.0,3,139.0,1.0,269.78,Tinggi,3
247.93,1,16,1,37.0,1,79.0,1.0,9801.48,Tinggi,2
34.67,1,6,2,19.0,3,71.0,1.0,888.6,Rendah,3
326.03,0,27,2,18.0,3,137.0,1.0,290.24,Tinggi,3
373.99,1,34,0,60.0,0,140.0,1.0,8590.5,Tinggi,2
819.48,1,41,0,25.0,3,26.0,1.0,1804.5,Sangat Tinggi,0
14.0,1,35,0,49.0,1,173.0,1.0,7975.18,Rendah,2
57.16,1,8,0,40.0,1,74.0,1.0,222.22,Rendah,3
282.26,1,22,2,37.0,1,278.0,1.0,6857.2,Tinggi,4
473.2,1,15,2,34.0,0,173.0,1.0,248.52,Sangat Tinggi,0
192.97,1,34,0,59.0,2,140.0,1.0,3019.04,Sedang,1
168.99,1,3,0,18.0,3,203.0,1.0,1523.57,Sedang,3
1.82,1,37,2,80.0,2,60.0,1.0,5571.39,Rendah,1
40.9,1,5,0,55.0,0,37.0,1.0,1514.34,Rendah,1
78.91,1,34,2,61.0,0,157.0,1.0,1817.43,Rendah,1
169.97,0,36,0,22.0,3,12.0,1.0,6269.12,Sedang,3
486.61,0,34,0,48.0,1,130.0,1.0,2006.69,Sangat Tinggi,0
148.13,1,31,1,58.0,2,56.0,1.0,2189.38,Sedang,1
164.52,1,9,0,61.0,0,162.0,1.0,11036.74,Sedang,2
268.7,1,25,0,53.0,2,63.0,1.0,2104.74,Tinggi,1
637.34,1,16,0,51.0,2,278.0,1.0,5183.5,Sangat Tinggi,4
216.76,0,29,2,47.0,1,138.0,1.0,643.64,Tinggi,3
418.02,1,20,0,46.0,0,110.0,1.0,11011.86,Sangat Tinggi,2
292.03,0,22,0,46.0,1,154.0,1.0,951.33,Tinggi,3
251.4,1,40,0,57.0,2,178.0,1.0,2561.67,Tinggi,4
184.56,1,41,2,21.0,3,93.0,1.0,1549.27,Sedang,3
33.76,1,39,2,26.0,1,227.0,1.0,3253.51,Rendah,4
138.68,0,7,1,22.0,3,44.0,1.0,206.2,Sedang,3
42.56,1,14,2,18.0,3,146.0,1.0,4361.44,Rendah,3
53.83,1,3,1,70.0,2,131.0,1.0,4580.59,Rendah,1
11.09,1,5,1,51.0,1,95.0,1.0,2990.05,Rendah,1
449.18,1,10,2,67.0,2,50.0,1.0,1025.99,Sangat Tinggi,1
297.6,1,25,2,39.0,0,162.0,1.0,1461.17,Tinggi,3
683.75,1,19,1,32.0,0,106.0,1.0,6333.72,Sangat Tinggi,0
315.94,1,29,0,78.0,2,93.0,1.0,4273.99,Tinggi,1
223.76,0,4,1,74.0,2,110.0,1.0,4102.23,Tinggi,1
216.03,1,4,0,42.0,0,300.0,1.0,10462.77,Tinggi,4
17.42,1,9,0,74.0,2,150.0,1.0,6851.31,Rendah,1
491.91,1,25,2,78.0,2,155.0,1.0,2421.94,Sangat Tinggi,1
218.07,1,2,1,23.0,3,243.0,1.0,443.62,Tinggi,4
422.14,0,0,1,26.0,3,109.0,1.0,1436.32,Sangat Tinggi,3
613.21,1,40,0,61.0,2,157.0,1.0,3279.12,Sangat Tinggi,0
73.83,1,19,2,69.0,0,69.0,1.0,6020.29,Rendah,1
67.33,1,11,2,59.0,1,36.0,1.0,5925.98,Rendah,1
26.92,1,16,0,62.0,2,43.0,1.0,1674.94,Rendah,1
18.3,1,23,2,48.0,1,155.0,1.0,3733.52,Rendah,1
317.94,1,20,0,54.0,1,124.0,1.0,2996.51,Tinggi,1
179.38,1,23,2,40.0,0,173.0,1.0,11666.18,Sedang,2
13.92,1,20,0,37.0,1,209.0,1.0,2735.84,Rendah,4
365.43,1,32,0,25.0,3,176.0,1.0,1073.51,Tinggi,3
263.59,1,9,1,71.0,2,16.0,1.0,6996.35,Tinggi,1
54.8,1,0,1,34.0,1,140.0,1.0,4943.49,Rendah,3
31.39,1,40,0,20.0,3,15.0,1.0,998.49,Rendah,3
5.71,1,40,1,21.0,3,106.0,1.0,1285.42,Rendah,3
178.39,1,40,2,34.0,1,98.0,1.0,8469.43,Sedang,2
36.09,1,8,1,53.0,0,167.0,1.0,12319.26,Rendah,2
91.77,1,29,1,51.0,0,174.0,1.0,9240.73,Sedang,2
137.81,1,11,1,58.0,1,44.0,1.0,2631.47,Sedang,1
256.34,1,18,1,69.0,2,99.0,1.0,7471.63,Tinggi,1
56.11,1,4,1,36.0,0,109.0,1.0,11123.65,Rendah,2
118.1,1,13,0,50.0,1,50.0,1.0,7976.6,Sedang,2
137.86,0,34,2,66.0,0,120.0,1.0,8046.94,Sedang,1
813.78,0,1,0,54.0,0,55.0,1.0,14935.5,Sangat Tinggi,0
237.97,1,8,0,69.0,0,69.0,1.0,13486.15,Tinggi,2
684.96,1,23,0,21.0,3,31.0,1.0,526.67,Sangat Tinggi,0
878.63,1,8,0,60.0,1,139.0,1.0,4954.37,Sangat Tinggi,0
276.56,1,2,1,68.0,0,15.0,1.0,8942.58,Tinggi,1
8.75,1,21,0,79.0,2,199.0,1.0,4044.62,Rendah,1
637.48,1,7,2,65.0,2,207.0,1.0,4148.85,Sangat Tinggi,0
103.15,1,36,1,51.0,0,179.0,1.0,11388.15,Sedang,2
505.6,1,10,1,52.0,2,183.0,1.0,5347.57,Sangat Tinggi,0
371.86,1,24,0,46.0,0,91.0,1.0,1329.45,Tinggi,3
14.26,1,41,1,50.0,1,37.0,1.0,2475.65,Rendah,1
13.16,1,23,1,43.0,1,98.0,1.0,1019.46,Rendah,3
73.01,1,15,0,56.0,2,101.0,1.0,2833.12,Rendah,1
201.5,0,9,2,61.0,0,196.0,1.0,12148.32,Tinggi,2
150.3,1,19,2,41.0,0,204.0,1.0,14371.08,Sedang,2
23.7,1,37,0,46.0,0,32.0,1.0,7947.44,Rendah,2
49.59,1,4,1,48.0,1,147.0,1.0,6037.03,Rendah,1
720.13,0,29,0,22.0,3,96.0,1.0,387.02,Sangat Tinggi,0
134.92,1,20,2,19.0,3,101.0,1.0,1081.97,Sedang,3
116.97,1,28,0,18.0,3,299.0,1.0,729.7,Sedang,4
88.29,0,15,2,50.0,1,287.0,1.0,5245.93,Sedang,4
5.81,1,15,0,25.0,3,222.0,1.0,1290.95,Rendah,4
103.48,1,3,0,32.0,1,33.0,1.0,6494.25,Sedang,2
156.74,1,28,0,70.0,2,136.0,1.0,4004.35,Sedang,1
505.14,1,32,0,68.0,2,179.0,1.0,2525.47,Sangat Tinggi,0
31.06,1,18,0,46.0,0,61.0,1.0,11014.25,Rendah,2
7.61,1,1,0,50.0,0,163.0,1.0,6275.0,Rendah,1
276.16,0,32,0,53.0,2,71.0,1.0,1733.34,Tinggi,1
145.77,1,22,0,68.0,2,237.0,1.0,5294.98,Sedang,4
369.44,1,11,2,34.0,1,19.0,1.0,5018.67,Tinggi,3
558.86,1,2,0,60.0,0,95.0,1.0,9844.32,Sangat Tinggi,0
429.15,1,19,1,26.0,3,218.0,1.0,712.13,Sangat Tinggi,4
36.74,1,40,1,33.0,0,133.0,1.0,6217.58,Rendah,3
79.14,0,32,2,57.0,2,22.0,1.0,2229.56,Sedang,1
132.48,1,5,1,36.0,1,101.0,1.0,9313.05,Sedang,2
203.76,1,7,1,55.0,2,37.0,1.0,6747.16,Tinggi,1
750.95,1,6,1,78.0,2,27.0,1.0,5134.37,Sangat Tinggi,0
0.84,1,2,0,52.0,1,31.0,1.0,2207.54,Rendah,1
257.18,1,20,2,67.0,0,28.0,1.0,13336.15,Tinggi,2
767.66,1,38,0,63.0,0,155.0,1.0,1801.69,Sangat Tinggi,0
182.29,1,36,2,54.0,0,123.0,1.0,522.39,Sedang,1
184.51,0,32,2,54.0,0,118.0,1.0,9381.64,Sedang,2
144.1,1,6,1,57.0,0,30.0,1.0,11523.64,Sedang,2
72.5,1,13,0,40.0,0,30.0,1.0,12723.62,Rendah,2
22.15,1,10,1,44.0,0,73.0,1.0,7451.83,Rendah,2
777.92,1,2,1,62.0,0,97.0,1.0,7061.58,Sangat Tinggi,0
790.07,1,24,2,28.0,3,197.0,1.0,985.77,Sangat Tinggi,0
767.41,1,13,0,56.0,0,27.0,1.0,12799.34,Sangat Tinggi,0
4.58,0,1,2,21.0,3,135.0,1.0,811.24,Rendah,3
49.67,1,1,2,21.0,3,146.0,1.0,842.94,Rendah,3
77.83,0,18,1,49.0,1,146.0,1.0,2471.53,Rendah,1
702.87,1,42,0,19.0,3,184.0,1.0,1237.5,Sangat Tinggi,0
868.05,0,36,2,49.0,1,119.0,1.0,3931.03,Sangat Tinggi,0
52.87,1,16,1,24.0,3,70.0,1.0,960.96,Rendah,3
179.0,1,15,0,78.0,2,121.0,1.0,7310.88,Sedang,1
384.11,1,13,0,58.0,2,12.0,1.0,7902.52,Sangat Tinggi,1
227.61,1,15,2,71.0,2,61.0,1.0,4405.28,Tinggi,1
40.83,1,16,0,48.0,1,24.0,1.0,3944.12,Rendah,1
484.24,1,33,1,67.0,0,77.0,1.0,8042.3,Sangat Tinggi,1
301.47,1,7,1,21.0,3,291.0,1.0,560.73,Tinggi,4
199.09,1,11,2,70.0,0,89.0,1.0,1658.52,Sedang,1
515.94,1,37,0,29.0,1,37.0,1.0,1389.89,Sangat Tinggi,0
41.93,1,14,0,48.0,1,136.0,1.0,5081.26,Rendah,1
95.35,1,6,2,21.0,3,131.0,1.0,1639.9,Sedang,3
93.14,1,22,2,67.0,2,151.0,1.0,5473.82,Sedang,1
79.33,0,19,2,51.0,0,109.0,1.0,14798.1,Sedang,2
233.71,1,17,2,19.0,3,297.0,1.0,1231.98,Tinggi,4
14.92,1,19,1,26.0,1,120.0,1.0,6611.26,Rendah,3
242.17,1,17,0,60.0,0,147.0,1.0,883.72,Tinggi,1
122.98,1,17,2,79.0,2,228.0,1.0,5055.99,Sedang,4
129.35,1,19,0,52.0,1,130.0,1.0,7166.88,Sedang,2
138.33,1,9,2,21.0,3,69.0,1.0,232.56,Sedang,3
39.31,1,32,2,25.0,3,178.0,1.0,1236.38,Rendah,3
91.85,1,39,2,21.0,3,148.0,1.0,802.09,Sedang,3
277.7,1,26,1,58.0,1,107.0,1.0,1423.2,Tinggi,1
114.03,1,32,0,51.0,0,172.0,1.0,13388.56,Sedang,2
302.63,0,38,1,27.0,1,10.0,1.0,2801.28,Tinggi,3
31.19,1,5,0,52.0,1,74.0,1.0,5545.96,Rendah,1
112.91,0,40,2,27.0,1,135.0,1.0,4764.48,Sedang,3
742.26,1,36,2,27.0,1,36.0,1.0,7868.19,Sangat Tinggi,0
256.8,1,5,0,26.0,3,80.0,1.0,1128.38,Tinggi,3
378.68,1,13,0,60.0,0,239.0,1.0,7627.04,Sangat Tinggi,4
571.93,1,42,2,52.0,2,119.0,1.0,4026.03,Sangat Tinggi,0
26.31,0,2,2,77.0,2,163.0,1.0,7095.76,Rendah,1
533.61,1,23,2,48.0,1,115.0,1.0,3656.93,Sangat Tinggi,0
428.62,1,33,1,55.0,2,72.0,1.0,3473.24,Sangat Tinggi,1
361.22,1,33,0,64.0,2,167.0,1.0,7061.73,Tinggi,1
837.29,1,31,1,25.0,3,216.0,1.0,6012.67,Sangat Tinggi,0
135.27,1,1,0,48.0,0,131.0,1.0,9410.51,Sedang,2
185.1,1,0,1,53.0,2,23.0,1.0,6115.63,Sedang,1
354.96,1,13,2,69.0,0,96.0,1.0,6712.94,Tinggi,1
224.22,1,14,1,53.0,0,37.0,1.0,8400.87,Tinggi,2
737.1,1,42,0,60.0,2,92.0,1.0,4644.19,Sangat Tinggi,0
223.22,1,13,0,27.0,3,96.0,1.0,1734.22,Tinggi,3
557.26,1,38,0,69.0,0,53.0,1.0,5237.12,Sangat Tinggi,0
27.44,1,4,0,62.0,2,164.0,1.0,5950.48,Rendah,1
310.09,1,11,1,36.0,0,166.0,1.0,9962.5,Tinggi,2
80.38,1,18,2,52.0,0,116.0,1.0,9662.88,Sedang,2
26.1,0,11,1,66.0,0,115.0,1.0,5243.0,Rendah,1
845.14,0,28,1,73.0,2,183.0,1.0,1702.65,Sangat Tinggi,0
59.73,1,14,0,27.0,3,56.0,1.0,800.93,Rendah,3
758.77,1,35,0,60.0,1,114.0,1.0,7231.47,Sangat Tinggi,0
301.51,1,5,0,22.0,3,284.0,1.0,1052.31,Tinggi,4
118.06,0,19,1,32.0,0,31.0,1.0,13560.63,Sedang,2
483.92,1,27,0,70.0,2,115.0,1.0,3138.0,Sangat Tinggi,1
78.93,1,23,0,38.0,0,145.0,1.0,9916.24,Sedang,2
36.63,1,24,0,75.0,2,261.0,1.0,7941.73,Rendah,4
87.85,1,7,1,49.0,1,63.0,1.0,3753.24,Sedang,1
705.34,1,42,2,59.0,0,124.0,1.0,5003.22,Sangat Tinggi,0
116.89,1,8,2,71.0,2,226.0,1.0,4880.31,Sedang,4
106.41,1,20,1,57.0,2,87.0,1.0,1310.38,Sedang,1
584.41,1,19,0,23.0,3,41.0,1.0,4475.22,Sangat Tinggi,0
584.98,0,6,1,55.0,2,121.0,1.0,6521.05,Sangat Tinggi,0
79.21,1,7,1,56.0,2,140.0,1.0,1615.04,Sedang,1
173.13,0,1,2,20.0,3,288.0,1.0,1490.34,Sedang,4
422.81,1,20,1,28.0,3,193.0,1.0,1929.28,Sangat Tinggi,4
135.43,1,38,0,57.0,2,92.0,1.0,5315.83,Sedang,1
308.94,1,20,2,25.0,3,167.0,1.0,1931.66,Tinggi,3
295.93,1,4,1,36.0,0,117.0,1.0,1050.63,Tinggi,3
77.44,1,42,1,58.0,2,268.0,1.0,1950.63,Rendah,4
92.5,0,39,2,40.0,1,70.0,1.0,6295.45,Sedang,2
97.74,0,20,2,41.0,1,137.0,1.0,4113.63,Sedang,3
291.68,1,8,0,21.0,3,90.0,1.0,1451.02,Tinggi,3
56.96,1,0,0,22.0,3,135.0,1.0,1597.85,Rendah,3
436.8,1,39,2,27.0,3,92.0,1.0,1256.33,Sangat Tinggi,3
259.49,1,2,2,72.0,2,292.0,1.0,7320.61,Tinggi,4
726.26,1,29,2,57.0,2,147.0,1.0,2150.38,Sangat Tinggi,0
568.68,1,15,0,72.0,2,101.0,1.0,2940.04,Sangat Tinggi,0
14.16,0,28,1,74.0,2,290.0,1.0,5399.76,Rendah,4
61.33,1,33,0,27.0,1,129.0,1.0,7537.4,Rendah,2
27.64,1,27,2,54.0,1,23.0,1.0,7498.51,Rendah,1
3.85,1,38,0,29.0,0,32.0,1.0,10506.41,Rendah,2
431.22,0,2,1,73.0,2,129.0,1.0,6505.98,Sangat Tinggi,1
178.55,1,15,1,55.0,1,67.0,1.0,7568.4,Sedang,1
248.76,1,10,0,18.0,3,56.0,1.0,546.46,Tinggi,3
76.16,1,37,0,23.0,3,99.0,1.0,1072.25,Rendah,3
347.25,1,16,0,69.0,0,250.0,1.0,7273.55,Tinggi,4
325.98,1,42,0,19.0,3,277.0,1.0,782.35,Tinggi,4
249.56,1,27,1,76.0,2,246.0,1.0,4444.95,Tinggi,4
17.43,1,0,0,56.0,0,33.0,1.0,10658.88,Rendah,2
198.01,0,2,1,26.0,3,40.0,1.0,250.93,Sedang,3
585.58,1,33,1,23.0,3,55.0,1.0,1729.02,Sangat Tinggi,0
434.67,0,41,2,27.0,3,124.0,1.0,1298.13,Sangat Tinggi,3
510.7,0,26,2,27.0,3,294.0,1.0,5828.48,Sangat Tinggi,4
331.98,1,10,0,74.0,2,12.0,1.0,7600.99,Tinggi,1
199.54,1,32,2,56.0,1,268.0,1.0,9603.73,Sedang,4
212.97,1,1,2,59.0,1,178.0,1.0,4180.4,Tinggi,4
270.56,1,30,2,23.0,3,139.0,1.0,1268.44,Tinggi,3
306.37,1,7,0,26.0,1,120.0,1.0,9609.67,Tinggi,2
643.02,0,11,0,38.0,0,85.0,1.0,11989.39,Sangat Tinggi,0
98.48,1,24,1,47.0,1,12.0,1.0,9538.92,Sedang,2
889.01,1,41,2,36.0,1,169.0,1.0,4826.88,Sangat Tinggi,0
537.86,1,18,2,27.0,3,134.0,1.0,293.06,Sangat Tinggi,0
241.18,1,23,0,25.0,3,162.0,1.0,1445.53,Tinggi,3
130.54,1,1,0,64.0,0,94.0,1.0,11204.62,Sedang,2
800.29,0,36,1,20.0,3,84.0,1.0,693.4,Sangat Tinggi,0
8.81,1,9,2,57.0,0,165.0,1.0,13523.65,Rendah,2
28.52,1,11,0,20.0,3,163.0,1.0,662.51,Rendah,3
431.31,0,1,2,23.0,3,99.0,1.0,342.73,Sangat Tinggi,3
885.33,0,33,0,47.0,1,59.0,1.0,7764.16,Sangat Tinggi,0
199.23,1,40,0,29.0,1,54.0,1.0,9834.0,Sedang,2
42.26,1,33,0,44.0,0,171.0,1.0,268.77,Rendah,3
166.06,1,16,0,30.0,1,172.0,1.0,5397.68,Sedang,4
588.37,1,9,2,28.0,3,284.0,1.0,1926.08,Sangat Tinggi,4
72.82,1,15,2,68.0,0,127.0,1.0,6911.62,Rendah,1
162.36,1,40,2,36.0,1,147.0,1.0,7527.04,Sedang,2
584.82,0,26,2,43.0,0,109.0,1.0,12071.1,Sangat Tinggi,2
38.15,0,28,2,72.0,2,129.0,1.0,1425.47,Rendah,1
639.57,1,30,1,60.0,0,43.0,1.0,11726.47,Sangat Tinggi,0
58.23,1,31,2,28.0,3,34.0,1.0,9189.76,Rendah,2
776.21,0,33,2,78.0,2,99.0,1.0,4895.87,Sangat Tinggi,0
188.61,1,4,2,67.0,2,26.0,1.0,7167.57,Sedang,1
675.37,0,17,2,56.0,2,31.0,1.0,4704.91,Sangat Tinggi,0
94.82,0,8,1,67.0,2,56.0,1.0,1267.72,Sedang,1
425.18,0,14,2,59.0,1,135.0,1.0,5790.55,Sangat Tinggi,1
50.28,1,28,1,60.0,1,65.0,1.0,5729.1,Rendah,1
70.68,1,12,2,25.0,3,105.0,1.0,1478.41,Rendah,3
261.77,1,6,2,28.0,3,46.0,1.0,824.71,Tinggi,3
183.22,1,25,0,27.0,3,63.0,1.0,1024.42,Sedang,3
156.86,1,5,0,51.0,0,102.0,1.0,14453.35,Sedang,2
120.67,1,7,0,42.0,0,233.0,1.0,5374.54,Sedang,4
308.62,0,34,1,59.0,1,101.0,1.0,9148.08,Tinggi,2
506.81,1,25,0,59.0,1,41.0,1.0,2757.23,Sangat Tinggi,0
328.39,1,27,0,41.0,1,108.0,1.0,2523.83,Tinggi,3
796.3,1,2,1,67.0,2,64.0,1.0,1498.79,Sangat Tinggi,0
72.47,1,4,2,29.0,0,72.0,1.0,1305.56,Rendah,3
279.6,1,13,0,25.0,3,131.0,1.0,1910.9,Tinggi,3
304.2,1,16,2,25.0,3,102.0,1.0,423.64,Tinggi,3
351.38,1,27,1,64.0,2,21.0,1.0,7606.63,Tinggi,1
86.07,1,9,1,31.0,0,23.0,1.0,842.56,Sedang,3
604.5,1,32,0,28.0,3,80.0,1.0,709.42,Sangat Tinggi,0
258.7,1,5,0,27.0,3,123.0,1.0,1358.37,Tinggi,3
11.46,0,2,1,75.0,2,64.0,1.0,7258.33,Rendah,1
63.76,1,35,0,69.0,2,100.0,1.0,4980.26,Rendah,1
446.83,0,24,1,55.0,2,143.0,1.0,1623.5,Sangat Tinggi,0
63.54,1,9,0,26.0,1,136.0,1.0,4401.78,Rendah,3
81.11,1,5,2,48.0,1,110.0,1.0,2051.37,Sedang,1
170.96,1,42,1,64.0,0,69.0,1.0,13374.89,Sedang,2
48.51,1,2,1,22.0,3,69.0,1.0,3363.23,Rendah,3
325.03,1,17,1,60.0,0,106.0,1.0,13521.76,Tinggi,2
738.94,1,30,1,41.0,0,173.0,1.0,13856.18,Sangat Tinggi,0
180.36,0,28,2,33.0,1,55.0,1.0,9905.23,Sedang,2
720.46,1,40,1,54.0,2,44.0,1.0,3101.54,Sangat Tinggi,0
291.46,1,24,0,57.0,2,135.0,1.0,7142.53,Tinggi,1
98.24,1,23,2,28.0,3,148.0,1.0,580.66,Sedang,3
100.48,0,25,1,18.0,3,104.0,1.0,6149.81,Sedang,3
45.9,1,8,1,56.0,1,264.0,1.0,5698.25,Rendah,4
258.21,1,35,2,39.0,0,225.0,1.0,9562.41,Tinggi,4
287.51,1,12,2,22.0,3,255.0,1.0,187.65,Tinggi,4
501.3,0,35,2,26.0,1,146.0,1.0,8520.08,Sangat Tinggi,0
26.1,1,23,0,27.0,3,32.0,1.0,1435.72,Rendah,3
436.77,1,17,0,20.0,3,176.0,1.0,825.69,Sangat Tinggi,3
123.35,0,3,2,31.0,0,10.0,1.0,6852.16,Sedang,2
139.52,1,32,1,23.0,3,31.0,1.0,1570.22,Sedang,3
2.51,1,3,2,63.0,2,32.0,1.0,4891.56,Rendah,1
22.62,1,41,0,64.0,0,102.0,1.0,7682.0,Rendah,1
126.83,1,2,1,57.0,2,39.0,1.0,6100.98,Sedang,1
46.6,1,11,2,55.0,0,68.0,1.0,1562.9,Rendah,1
243.8,1,37,1,57.0,0,48.0,1.0,13732.81,Tinggi,2
231.51,0,28,1,60.0,2,96.0,1.0,5790.7,Tinggi,1
762.74,1,20,0,64.0,0,244.0,1.0,207.1,Sangat Tinggi,0
34.03,1,20,1,57.0,1,38.0,1.0,3077.2,Rendah,1
101.51,0,40,2,46.0,1,199.0,1.0,3052.47,Sedang,4
309.42,1,14,1,27.0,1,42.0,1.0,8564.46,Tinggi,2
257.6,0,13,2,59.0,2,293.0,1.0,7950.74,Tinggi,4
82.01,0,34,1,23.0,3,156.0,1.0,287.46,Sedang,3
476.99,1,36,2,23.0,3,187.0,1.0,1154.48,Sangat Tinggi,3
333.39,1,30,0,68.0,0,35.0,1.0,10628.59,Tinggi,2
10.3,1,14,0,47.0,1,197.0,1.0,7801.32,Rendah,4
98.95,1,23,1,75.0,2,73.0,1.0,5670.82,Sedang,1
215.13,1,5,2,46.0,1,114.0,1.0,3956.69,Tinggi,1
218.57,0,22,1,62.0,0,102.0,1.0,13869.86,Tinggi,2
341.88,1,2,0,43.0,1,89.0,1.0,4159.52,Tinggi,1
50.43,1,38,1,32.0,0,51.0,1.0,9794.26,Rendah,2
440.43,1,7,1,78.0,2,23.0,1.0,5123.24,Sangat Tinggi,1
1.98,1,39,0,66.0,0,170.0,1.0,11619.1,Rendah,2
173.45,1,30,0,31.0,1,161.0,1.0,9077.62,Sedang,2
438.76,1,35,1,22.0,3,73.0,1.0,1824.19,Sangat Tinggi,3
519.62,0,42,2,71.0,2,40.0,1.0,4159.33,Sangat Tinggi,1
738.68,1,6,2,50.0,0,124.0,1.0,14352.33,Sangat Tinggi,0
151.14,1,22,2,64.0,2,38.0,1.0,2156.54,Sedang,1
444.52,1,21,2,27.0,1,17.0,1.0,5424.6,Sangat Tinggi,0
5.29,1,16,2,52.0,0,276.0,1.0,11263.89,Rendah,4
97.63,0,25,2,48.0,0,127.0,1.0,12467.31,Sedang,2
256.95,1,36,1,26.0,1,71.0,1.0,2531.24,Tinggi,3
734.86,0,4,1,48.0,1,290.0,1.0,6242.03,Sangat Tinggi,4
84.28,1,22,1,39.0,0,142.0,1.0,13586.06,Sedang,2
202.49,0,41,0,48.0,1,69.0,1.0,7447.1,Tinggi,2
154.99,1,23,1,25.0,3,53.0,1.0,1419.31,Sedang,3
481.53,1,1,1,58.0,2,277.0,1.0,6142.54,Sangat Tinggi,4
172.92,1,24,2,20.0,3,212.0,1.0,416.37,Sedang,3
275.59,0,30,1,53.0,2,238.0,1.0,6313.22,Tinggi,4
207.2,1,8,2,60.0,1,133.0,1.0,8092.94,Tinggi,1
136.82,1,6,1,31.0,1,14.0,1.0,6229.13,Sedang,3
26.3,1,41,0,32.0,0,33.0,1.0,7473.73,Rendah,2
319.5,0,41,1,29.0,1,69.0,1.0,2366.3,Tinggi,3
182.42,1,18,1,51.0,2,137.0,1.0,3051.29,Sedang,1
716.62,1,1,0,44.0,0,241.0,1.0,6987.4,Sangat Tinggi,0
222.96,0,14,0,65.0,0,150.0,1.0,7370.41,Tinggi,1
79.77,1,37,0,68.0,2,167.0,1.0,5010.31,Sedang,1
592.24,1,40,0,52.0,0,140.0,1.0,9817.05,Sangat Tinggi,0
200.19,0,35,1,52.0,2,108.0,1.0,4389.96,Tinggi,1
343.88,1,26,2,63.0,2,97.0,1.0,6486.18,Tinggi,1
162.1,1,25,1,41.0,1,151.0,1.0,8576.65,Sedang,2
36.12,1,15,2,22.0,3,234.0,1.0,1593.03,Rendah,4
354.91,1,4,0,74.0,2,191.0,1.0,3872.55,Tinggi,1
38.41,1,10,0,40.0,0,117.0,1.0,9129.68,Rendah,2
13.3,1,35,0,23.0,3,63.0,1.0,213.0,Rendah,3
189.65,1,5,0,21.0,3,60.0,1.0,8457.09,Sedang,2
255.32,1,3,0,80.0,2,27.0,1.0,6290.62,Tinggi,1
230.51,0,22,1,51.0,1,56.0,1.0,9522.37,Tinggi,2
237.74,1,40,0,61.0,0,152.0,1.0,11795.12,Tinggi,2
85.01,0,32,0,25.0,3,157.0,1.0,1299.4,Sedang,3
444.47,1,38,2,57.0,2,61.0,1.0,6062.94,Sangat Tinggi,1
55.98,0,18,1,24.0,3,87.0,1.0,7047.04,Rendah,3
54.91,0,8,0,41.0,1,275.0,1.0,7927.27,Rendah,4
393.74,1,5,2,26.0,3,90.0,1.0,1769.06,Sangat Tinggi,3
515.57,1,8,0,27.0,1,56.0,1.0,9269.67,Sangat Tinggi,0
332.15,1,9,0,59.0,0,105.0,1.0,9749.46,Tinggi,2
177.94,1,25,2,19.0,3,173.0,1.0,123.24,Sedang,3
240.03,1,1,2,33.0,1,31.0,1.0,7807.73,Tinggi,2
474.77,1,4,2,46.0,1,284.0,1.0,8494.53,Sangat Tinggi,4
451.7,1,6,2,29.0,1,103.0,1.0,8994.67,Sangat Tinggi,2
243.85,1,29,1,39.0,1,43.0,1.0,4576.78,Tinggi,3
435.08,1,37,2,55.0,1,78.0,1.0,2103.41,Sangat Tinggi,0
127.78,1,24,0,20.0,3,170.0,1.0,1046.66,Sedang,3
23.14,0,23,2,47.0,0,93.0,1.0,10536.54,Rendah,2
545.87,1,24,1,27.0,1,41.0,1.0,4860.01,Sangat Tinggi,0
21.21,1,26,2,55.0,1,37.0,1.0,9575.42,Rendah,2
423.53,0,18,1,50.0,0,81.0,1.0,5453.4,Sangat Tinggi,0
114.15,1,1,0,19.0,3,52.0,1.0,1612.4,Sedang,3
275.98,0,42,2,72.0,2,67.0,1.0,6151.05,Tinggi,1
590.68,1,42,1,27.0,3,23.0,1.0,852.2,Sangat Tinggi,0
152.42,1,38,0,42.0,0,176.0,1.0,9141.79,Sedang,2
395.77,0,12,1,43.0,0,118.0,1.0,6425.99,Sangat Tinggi,0
615.16,1,4,2,26.0,3,140.0,1.0,214.61,Sangat Tinggi,0
207.82,0,19,2,19.0,3,30.0,1.0,229.02,Tinggi,3
220.52,1,39,0,57.0,2,152.0,1.0,1793.09,Tinggi,1
281.47,1,30,0,34.0,1,142.0,1.0,4437.48,Tinggi,3
57.91,0,34,1,58.0,1,97.0,1.0,3641.06,Rendah,1
30.48,0,39,1,32.0,0,78.0,1.0,11481.85,Rendah,2
424.47,1,28,2,22.0,3,116.0,1.0,5491.55,Sangat Tinggi,3
228.4,1,29,0,67.0,0,116.0,1.0,9598.43,Tinggi,2
67.17,1,39,2,63.0,0,48.0,1.0,14410.44,Rendah,2
118.69,1,29,2,33.0,0,296.0,1.0,749.34,Sedang,4
221.33,1,21,0,27.0,3,276.0,1.0,1185.43,Tinggi,4
252.31,0,39,0,26.0,3,172.0,1.0,1584.6,Tinggi,3
433.53,1,30,1,38.0,0,231.0,1.0,6368.32,Sangat Tinggi,4
178.26,1,28,0,59.0,2,59.0,1.0,1137.13,Sedang,1
237.0,1,40,2,49.0,0,115.0,1.0,14021.4,Tinggi,2
347.63,0,6,2,25.0,3,272.0,1.0,1400.04,Tinggi,4
517.68,1,29,0,31.0,0,24.0,1.0,11305.81,Sangat Tinggi,2
36.25,1,40,1,52.0,0,76.0,1.0,193.06,Rendah,1
46.53,1,37,0,42.0,1,34.0,1.0,4468.12,Rendah,1
207.47,1,24,0,53.0,0,12.0,1.0,1688.9,Tinggi,1
199.7,1,16,0,43.0,1,285.0,1.0,7574.45,Sedang,4
307.89,0,26,2,62.0,2,90.0,1.0,2637.55,Tinggi,1
20.06,1,22,0,27.0,3,144.0,1.0,445.21,Rendah,3
236.57,1,34,0,79.0,2,112.0,1.0,3488.77,Tinggi,1
0.32,1,4,0,39.0,1,136.0,1.0,7158.58,Rendah,2
14.28,1,31,0,23.0,3,81.0,1.0,1597.51,Rendah,3
232.35,0,1,1,33.0,1,153.0,1.0,4186.25,Tinggi,3
317.53,1,24,2,44.0,1,104.0,1.0,6237.68,Tinggi,2
74.67,1,16,0,43.0,1,283.0,1.0,3449.35,Rendah,4
65.01,0,2,2,29.0,0,67.0,1.0,10235.19,Rendah,2
0.45,1,18,1,34.0,1,172.0,1.0,8670.23,Rendah,2
364.13,1,13,0,63.0,0,61.0,1.0,8198.0,Tinggi,1
222.66,1,11,2,39.0,0,88.0,1.0,14466.38,Tinggi,2
638.24,1,31,1,48.0,1,64.0,1.0,5695.78,Sangat Tinggi,0
241.21,1,29,0,31.0,1,108.0,1.0,1220.86,Tinggi,3
171.16,1,27,2,51.0,2,42.0,1.0,6126.5,Sedang,1
37.65,0,38,2,27.0,3,109.0,1.0,411.78,Rendah,3
25.77,1,22,2,68.0,2,18.0,1.0,4331.54,Rendah,1
789.8,1,17,0,40.0,0,94.0,1.0,13948.09,Sangat Tinggi,0
806.97,1,39,2,25.0,3,11.0,1.0,102.2,Sangat Tinggi,0
490.82,1,18,0,26.0,1,114.0,1.0,8704.27,Sangat Tinggi,0
311.28,1,1,1,49.0,0,198.0,1.0,135.96,Tinggi,4
85.03,1,36,0,51.0,2,48.0,1.0,4597.57,Sedang,1
307.75,1,11,1,64.0,0,63.0,1.0,1061.58,Tinggi,1
333.67,1,13,2,36.0,1,68.0,1.0,9238.08,Tinggi,2
372.08,1,15,1,66.0,0,63.0,1.0,13330.74,Tinggi,2
502.9,0,14,2,26.0,3,141.0,1.0,341.24,Sangat Tinggi,3
103.81,1,28,0,36.0,0,34.0,1.0,7044.63,Sedang,2
69.43,1,19,0,30.0,1,162.0,1.0,9281.85,Rendah,2
110.4,0,36,0,56.0,0,62.0,1.0,8639.36,Sedang,2
251.8,1,23,0,62.0,0,102.0,1.0,11796.66,Tinggi,2
334.07,1,27,1,59.0,1,200.0,1.0,7306.79,Tinggi,4
52.44,1,33,2,27.0,3,87.0,1.0,3157.75,Rendah,3
141.37,1,10,2,46.0,1,77.0,1.0,1019.77,Sedang,3
211.7,0,6,2,50.0,0,205.0,1.0,12272.78,Tinggi,2
308.23,1,19,0,60.0,2,23.0,1.0,4150.63,Tinggi,1
111.41,1,6,1,21.0,3,181.0,1.0,1204.11,Sedang,3
675.49,1,5,0,61.0,2,159.0,1.0,1893.0,Sangat Tinggi,0
294.61,1,29,1,60.0,2,74.0,1.0,7375.59,Tinggi,1
106.43,0,31,0,52.0,1,164.0,1.0,9403.12,Sedang,2
381.52,1,39,2,36.0,0,79.0,1.0,5798.92,Sangat Tinggi,0
5.66,1,14,1,40.0,1,33.0,1.0,5434.64,Rendah,1
209.09,1,41,0,48.0,0,203.0,1.0,9100.81,Tinggi,4
521.81,1,41,0,47.0,1,34.0,1.0,4750.96,Sangat Tinggi,0
588.36,1,5,2,33.0,1,134.0,1.0,8434.99,Sangat Tinggi,0
146.67,1,0,2,20.0,3,273.0,1.0,1569.75,Sedang,4
57.34,1,1,2,27.0,3,81.0,1.0,1100.64,Rendah,3
294.77,1,30,2,77.0,2,101.0,1.0,2272.17,Tinggi,1
162.59,1,16,1,64.0,2,19.0,1.0,7104.83,Sedang,1
56.15,1,26,1,31.0,0,77.0,1.0,13265.92,Rendah,2
524.55,1,12,0,39.0,0,175.0,1.0,8292.75,Sangat Tinggi,0
535.4,1,36,1,23.0,3,110.0,1.0,651.84,Sangat Tinggi,0
56.84,1,33,0,45.0,1,185.0,1.0,7977.78,Rendah,4
124.05,0,0,1,61.0,0,220.0,1.0,7009.54,Sedang,4
802.89,1,6,0,19.0,3,175.0,1.0,1973.63,Sangat Tinggi,0
193.16,1,5,0,64.0,2,109.0,1.0,2304.56,Sedang,1
541.52,0,16,1,48.0,1,161.0,1.0,6087.24,Sangat Tinggi,0
20.17,1,35,0,77.0,2,86.0,1.0,3869.37,Rendah,1
35.98,0,26,1,40.0,0,133.0,1.0,11147.34,Rendah,2
273.24,1,14,1,51.0,2,173.0,1.0,2202.21,Tinggi,4
663.45,1,0,0,67.0,2,147.0,1.0,5897.29,Sangat Tinggi,0
343.86,1,5,1,57.0,1,70.0,1.0,3278.65,Tinggi,1
75.43,1,14,0,77.0,2,266.0,1.0,1441.86,Rendah,4
86.79,1,13,1,33.0,0,166.0,1.0,8795.37,Sedang,2
14.1,1,21,1,45.0,1,73.0,1.0,6949.21,Rendah,2
63.33,0,21,1,23.0,3,124.0,1.0,792.33,Rendah,3
606.27,1,21,1,29.0,0,42.0,1.0,9668.78,Sangat Tinggi,0
4.47,1,3,1,27.0,3,132.0,1.0,1381.75,Rendah,3
338.69,1,41,1,18.0,3,169.0,1.0,1137.89,Tinggi,3
97.73,1,34,1,69.0,0,156.0,1.0,7885.21,Sedang,1
27.61,0,13,0,54.0,2,26.0,1.0,3679.64,Rendah,1
284.17,1,22,0,51.0,2,189.0,1.0,3479.56,Tinggi,4
76.21,1,20,1,22.0,3,69.0,1.0,664.93,Rendah,3
584.51,1,10,0,74.0,2,76.0,1.0,3254.56,Sangat Tinggi,0
432.18,1,19,1,18.0,3,162.0,1.0,678.83,Sangat Tinggi,3
134.55,1,38,2,59.0,0,165.0,1.0,14852.42,Sedang,2
61.66,1,34,0,26.0,3,86.0,1.0,5705.4,Rendah,3
12.35,1,14,1,25.0,3,22.0,1.0,1846.85,Rendah,3
213.25,1,37,1,25.0,3,63.0,1.0,677.79,Tinggi,3
34.93,1,8,1,31.0,1,72.0,1.0,2810.37,Rendah,3
335.68,1,40,2,24.0,3,142.0,1.0,1188.95,Tinggi,3
423.96,1,36,0,43.0,0,75.0,1.0,8374.38,Sangat Tinggi,2
220.82,1,21,1,42.0,1,31.0,1.0,4298.13,Tinggi,1
406.12,1,15,0,42.0,0,106.0,1.0,10501.53,Sangat Tinggi,2
427.83,1,31,0,47.0,1,29.0,1.0,3293.06,Sangat Tinggi,0
21.9,1,31,0,28.0,3,30.0,1.0,1052.27,Rendah,3
393.68,1,36,0,55.0,0,141.0,1.0,10135.88,Sangat Tinggi,2
281.91,1,10,1,25.0,3,269.0,1.0,225.53,Tinggi,4
239.85,1,40,0,70.0,2,50.0,1.0,1477.63,Tinggi,1
237.84,1,26,1,26.0,3,16.0,1.0,8932.39,Tinggi,2
459.29,0,18,2,64.0,2,109.0,1.0,1006.12,Sangat Tinggi,1
196.49,1,28,1,41.0,1,65.0,1.0,7516.56,Sedang,2
344.87,1,15,1,58.0,2,25.0,1.0,7447.44,Tinggi,1
129.62,0,38,0,23.0,3,124.0,1.0,620.28,Sedang,3
16.53,1,15,0,21.0,3,220.0,1.0,707.95,Rendah,3
277.02,0,10,0,46.0,0,227.0,1.0,8586.38,Tinggi,4
13.02,1,5,1,51.0,0,42.0,1.0,6076.45,Rendah,1
199.02,1,22,0,22.0,3,185.0,1.0,793.63,Sedang,3
684.5,1,13,1,29.0,0,76.0,1.0,6258.63,Sangat Tinggi,0
45.92,1,26,0,26.0,3,23.0,1.0,544.56,Rendah,3
761.73,1,8,0,19.0,3,27.0,1.0,151.28,Sangat Tinggi,0
331.38,1,24,0,42.0,1,122.0,1.0,844.55,Tinggi,3
602.8,1,3,1,60.0,2,173.0,1.0,7417.69,Sangat Tinggi,0
64.12,0,16,1,57.0,0,222.0,1.0,1029.09,Rendah,4
94.64,0,27,0,28.0,3,144.0,1.0,586.76,Sedang,3
155.56,0,2,1,19.0,3,64.0,1.0,129.79,Sedang,3
301.39,0,10,2,47.0,0,104.0,1.0,10548.58,Tinggi,2
136.31,1,26,2,74.0,2,65.0,1.0,4384.95,Sedang,1
4.39,1,30,0,26.0,3,63.0,1.0,1429.61,Rendah,3
429.25,1,39,2,29.0,1,107.0,1.0,5019.68,Sangat Tinggi,0
138.54,0,2,1,60.0,1,93.0,1.0,8274.77,Sedang,1
33.03,1,42,1,21.0,3,28.0,1.0,935.88,Rendah,3
76.39,1,34,2,30.0,0,80.0,1.0,11584.32,Rendah,2
25.32,1,28,0,19.0,3,25.0,1.0,1642.34,Rendah,3
330.91,1,18,0,36.0,1,28.0,1.0,6481.35,Tinggi,2
153.55,1,10,2,37.0,0,16.0,1.0,5619.91,Sedang,3
217.61,1,29,2,27.0,3,120.0,1.0,1661.1,Tinggi,3
131.69,0,10,1,53.0,1,59.0,1.0,2958.43,Sedang,1
68.49,1,26,2,67.0,2,49.0,1.0,6683.31,Rendah,1
470.62,1,40,1,57.0,0,127.0,1.0,12470.62,Sangat Tinggi,2
385.35,1,24,1,38.0,0,269.0,1.0,5184.13,Sangat Tinggi,4
275.87,1,39,0,25.0,3,112.0,1.0,1697.58,Tinggi,3
90.94,0,7,0,63.0,2,56.0,1.0,3896.08,Sedang,1
206.25,1,3,0,74.0,2,56.0,1.0,3651.07,Tinggi,1
116.76,1,30,0,51.0,1,212.0,1.0,4480.43,Sedang,4
91.5,1,29,0,47.0,0,77.0,1.0,667.66,Sedang,3
489.31,1,21,1,43.0,1,36.0,1.0,5595.22,Sangat Tinggi,0
414.49,0,31,2,58.0,0,108.0,1.0,12709.58,Sangat Tinggi,2
28.38,1,40,1,45.0,0,260.0,1.0,8892.62,Rendah,4
456.05,1,11,1,68.0,0,20.0,1.0,11729.51,Sangat Tinggi,2
54.84,1,18,2,52.0,2,124.0,1.0,3495.51,Rendah,1
29.92,0,10,2,68.0,0,63.0,1.0,7855.01,Rendah,1
133.06,1,19,2,35.0,1,143.0,1.0,8843.44,Sedang,2
468.32,1,14,2,69.0,2,152.0,1.0,4710.04,Sangat Tinggi,1
245.62,1,35,1,23.0,3,127.0,1.0,1879.82,Tinggi,3
83.6,1,38,0,47.0,0,192.0,1.0,13899.24,Sedang,2
331.22,0,28,1,61.0,0,161.0,1.0,12613.25,Tinggi,2
57.49,0,11,2,24.0,3,177.0,1.0,765.15,Rendah,3
157.56,1,16,1,43.0,0,159.0,1.0,7541.16,Sedang,2
230.3,1,7,2,46.0,1,24.0,1.0,8356.88,Tinggi,2
305.92,1,12,0,72.0,2,88.0,1.0,1445.47,Tinggi,1
116.33,1,14,1,27.0,3,144.0,1.0,1696.15,Sedang,3
537.71,0,23,2,19.0,3,175.0,1.0,1806.08,Sangat Tinggi,0
538.17,0,42,1,27.0,1,252.0,1.0,5908.04,Sangat Tinggi,4
219.44,1,42,2,42.0,1,23.0,1.0,4207.27,Tinggi,1
58.77,1,22,2,27.0,1,191.0,1.0,7261.7,Rendah,4
719.76,1,37,1,19.0,3,190.0,1.0,690.52,Sangat Tinggi,0
163.22,1,24,2,26.0,3,217.0,1.0,1788.27,Sedang,4
291.22,0,3,2,41.0,1,100.0,1.0,3677.63,Tinggi,3
56.52,1,29,0,42.0,1,152.0,1.0,6911.2,Rendah,2
195.8,1,33,2,39.0,0,186.0,1.0,12027.68,Sedang,2
66.76,0,2,1,36.0,0,44.0,1.0,184.72,Rendah,3
106.99,1,29,1,38.0,1,152.0,1.0,5771.4,Sedang,4
107.1,0,30,2,25.0,3,175.0,1.0,193.8,Sedang,3
235.34,1,42,1,26.0,3,68.0,1.0,566.83,Tinggi,3
86.35,0,16,1,52.0,2,24.0,1.0,1550.48,Sedang,1
337.99,1,7,0,70.0,0,115.0,1.0,9038.63,Tinggi,1
577.13,0,38,1,40.0,1,66.0,1.0,6640.51,Sangat Tinggi,0
213.33,1,29,0,52.0,2,161.0,1.0,5400.44,Tinggi,1
883.92,0,40,2,53.0,2,129.0,1.0,2342.64,Sangat Tinggi,0
69.8,0,27,1,27.0,3,138.0,1.0,136.77,Rendah,3
768.94,1,16,1,64.0,2,53.0,1.0,6860.18,Sangat Tinggi,0
179.62,1,40,2,24.0,3,119.0,1.0,409.26,Sedang,3
425.91,1,17,0,23.0,3,47.0,1.0,383.58,Sangat Tinggi,3
263.34,1,10,0,64.0,2,55.0,1.0,2411.02,Tinggi,1
113.03,0,40,2,36.0,0,12.0,1.0,6756.13,Sedang,2
11.02,1,2,2,42.0,0,42.0,1.0,7879.66,Rendah,2
865.17,1,15,1,24.0,3,161.0,1.0,9297.5,Sangat Tinggi,0
152.0,1,0,0,51.0,1,63.0,1.0,7531.43,Sedang,2
270.39,1,17,0,25.0,3,104.0,1.0,899.15,Tinggi,3
261.45,0,28,2,50.0,1,96.0,1.0,6735.74,Tinggi,1
99.98,0,42,2,73.0,2,152.0,1.0,3037.97,Sedang,1
400.69,1,19,2,32.0,1,26.0,1.0,9040.33,Sangat Tinggi,2
411.47,1,13,0,26.0,3,120.0,1.0,796.63,Sangat Tinggi,3
204.63,1,19,2,52.0,1,92.0,1.0,9199.52,Tinggi,2
421.56,1,38,2,53.0,1,144.0,1.0,8037.87,Sangat Tinggi,2
193.38,1,22,0,18.0,3,285.0,1.0,1081.79,Sedang,4
377.04,1,6,0,34.0,1,64.0,1.0,3812.87,Sangat Tinggi,3
54.1,0,4,1,28.0,1,17.0,1.0,940.91,Rendah,3
18.1,1,21,0,57.0,2,66.0,1.0,6474.34,Rendah,1
408.62,0,13,2,48.0,1,159.0,1.0,2498.48,Sangat Tinggi,0
162.1,1,3,1,64.0,0,221.0,1.0,9578.74,Sedang,4
165.31,1,4,0,49.0,0,28.0,1.0,7346.66,Sedang,2
856.9,1,27,1,36.0,1,150.0,1.0,8579.69,Sangat Tinggi,0
271.22,0,21,0,45.0,0,87.0,1.0,6863.02,Tinggi,2
307.68,0,11,2,75.0,2,162.0,1.0,2052.84,Tinggi,1
348.17,1,12,0,21.0,3,181.0,1.0,1887.84,Tinggi,3
557.78,0,31,1,26.0,3,102.0,1.0,1289.48,Sangat Tinggi,0
325.6,1,9,0,69.0,0,88.0,1.0,13777.1,Tinggi,2
235.83,0,22,2,53.0,1,169.0,1.0,4120.75,Tinggi,4
603.54,1,0,2,44.0,0,26.0,1.0,10517.47,Sangat Tinggi,0
270.25,1,40,0,31.0,1,42.0,1.0,5414.97,Tinggi,3
123.38,1,34,2,59.0,0,40.0,1.0,13542.41,Sedang,2
577.12,1,41,0,39.0,1,69.0,1.0,5265.88,Sangat Tinggi,0
92.24,1,30,1,60.0,1,93.0,1.0,6937.48,Sedang,1
856.21,0,7,1,33.0,0,109.0,1.0,12690.79,Sangat Tinggi,0
251.54,1,40,1,48.0,0,177.0,1.0,254.75,Tinggi,4
28.63,1,36,1,56.0,2,146.0,1.0,3382.91,Rendah,1
185.97,1,10,2,23.0,3,19.0,1.0,1776.91,Sedang,3
243.08,0,17,2,24.0,3,93.0,1.0,131.25,Tinggi,3
12.18,1,27,1,76.0,2,77.0,1.0,4909.24,Rendah,1
232.12,1,29,0,37.0,1,51.0,1.0,6689.87,Tinggi,2
198.62,0,40,1,27.0,3,84.0,1.0,1196.07,Sedang,3
